created_at,entry_id,field1,field2,latitude,longitude,elevation,status,Heat index
2020-07-20 14:53:07 UTC,1,30,82,,,,,38.24360536
2020-07-20 14:53:25 UTC,2,29.9,82,,,,,37.92445656
2020-07-20 14:53:43 UTC,3,30,82,,,,,38.24360536
2020-07-20 14:54:00 UTC,4,30,82,,,,,38.24360536
2020-07-20 14:54:18 UTC,5,30,82,,,,,38.24360536
2020-07-20 14:54:36 UTC,6,30,82,,,,,38.24360536
2020-07-20 14:54:54 UTC,7,30.3,81,,,,,38.90696047
2020-07-20 14:55:12 UTC,8,32.7,95,,,,,54.96732257
2020-07-20 14:55:30 UTC,9,32.6,76,,,,,44.7643107
2020-07-20 14:55:48 UTC,10,32.5,75,,,,,43.98050776
2020-07-20 14:56:05 UTC,11,32.2,76,,,,,43.38394415
2020-07-20 14:56:23 UTC,12,31.9,76,,,,,42.37703895
2020-07-20 14:57:04 UTC,13,31.9,77,,,,,42.77522328
2020-07-20 14:57:19 UTC,14,31.3,78,,,,,41.15406443
2020-07-20 14:57:35 UTC,15,31.3,79,,,,,41.52132547
2020-07-20 14:57:51 UTC,16,31.2,79,,,,,41.18634656
2020-07-20 14:58:07 UTC,17,31,79,,,,,40.52479257
2020-07-20 14:58:23 UTC,18,30.9,78,,,,,39.85910493
2020-07-20 14:58:39 UTC,19,30.9,79,,,,,40.19821747
2020-07-20 14:58:55 UTC,20,30.8,79,,,,,39.87444365
2020-07-20 14:59:11 UTC,21,30.8,79,,,,,39.87444365
2020-07-20 14:59:27 UTC,22,30.7,79,,,,,39.55347109
2020-07-20 14:59:43 UTC,23,30.7,79,,,,,39.55347109
2020-07-20 14:59:59 UTC,24,30.7,79,,,,,39.55347109
2020-07-20 15:00:15 UTC,25,30.7,81,,,,,40.2187683
2020-07-20 15:00:30 UTC,26,30.7,80,,,,,39.8836489
2020-07-20 15:00:46 UTC,27,30.7,80,,,,,39.8836489
2020-07-20 15:01:02 UTC,28,30.7,80,,,,,39.8836489
2020-07-20 15:01:18 UTC,29,30.7,80,,,,,39.8836489
2020-07-20 15:01:34 UTC,30,30.7,80,,,,,39.8836489
2020-07-20 15:01:50 UTC,31,30.6,80,,,,,39.55848776
2020-07-20 15:13:20 UTC,32,29.9,84,,,,,38.50371086
2020-07-20 15:13:35 UTC,33,29.9,83,,,,,38.21201963
2020-07-20 15:13:51 UTC,34,29.9,83,,,,,38.21201963
2020-07-20 15:14:07 UTC,35,29.9,83,,,,,38.21201963
2020-07-20 15:14:22 UTC,36,30,83,,,,,38.53823491
2020-07-20 15:14:38 UTC,37,30,83,,,,,38.53823491
2020-07-20 15:17:04 UTC,38,29.9,83,,,,,38.21201963
2020-07-20 15:18:45 UTC,39,29.9,83,,,,,38.21201963
2020-07-20 15:22:07 UTC,40,29.7,84,,,,,37.84583513
2020-07-20 15:23:48 UTC,41,29.7,84,,,,,37.84583513
2020-07-20 15:25:30 UTC,42,29.7,84,,,,,37.84583513
2020-07-20 15:27:11 UTC,43,29.7,84,,,,,37.84583513
2020-07-20 15:28:52 UTC,44,29.7,84,,,,,37.84583513
2020-07-20 15:30:34 UTC,45,29.7,84,,,,,37.84583513
2020-07-20 15:32:15 UTC,46,29.8,84,,,,,38.17329097
2020-07-20 15:33:56 UTC,47,29.8,84,,,,,38.17329097
2020-07-20 15:35:38 UTC,48,29.8,84,,,,,38.17329097
2020-07-20 15:37:19 UTC,49,29.8,84,,,,,38.17329097
2020-07-20 15:40:41 UTC,50,29.9,83,,,,,38.21201963
2020-07-20 15:42:22 UTC,51,29.8,83,,,,,37.88873613
2020-07-20 15:44:03 UTC,52,29.8,83,,,,,37.88873613
2020-07-20 15:45:45 UTC,53,29.9,83,,,,,38.21201963
2020-07-20 15:47:26 UTC,54,29.9,83,,,,,38.21201963
2020-07-20 15:49:07 UTC,55,30,83,,,,,38.53823491
2020-07-20 15:50:49 UTC,56,30,83,,,,,38.53823491
2020-07-20 15:52:30 UTC,57,30,83,,,,,38.53823491
2020-07-20 15:54:11 UTC,58,30.1,83,,,,,38.86738198
2020-07-20 15:55:53 UTC,59,30.1,83,,,,,38.86738198
2020-07-20 15:57:34 UTC,60,30,83,,,,,38.53823491
2020-07-20 15:59:15 UTC,61,30,83,,,,,38.53823491
2020-07-20 16:00:57 UTC,62,30.2,82,,,,,38.89060105
2020-07-20 16:02:38 UTC,63,30,83,,,,,38.53823491
2020-07-20 16:04:19 UTC,64,30,83,,,,,38.53823491
2020-07-20 16:06:01 UTC,65,30,83,,,,,38.53823491
2020-07-20 16:07:42 UTC,66,29.9,83,,,,,38.21201963
2020-07-20 16:11:04 UTC,67,29.8,84,,,,,38.17329097
2020-07-20 16:12:45 UTC,68,29.8,84,,,,,38.17329097
2020-07-20 16:16:07 UTC,69,29.7,84,,,,,37.84583513
2020-07-20 16:17:49 UTC,70,29.7,84,,,,,37.84583513
2020-07-20 16:19:30 UTC,71,29.7,84,,,,,37.84583513
2020-07-20 16:21:11 UTC,72,29.7,84,,,,,37.84583513
2020-07-20 16:22:52 UTC,73,29.7,84,,,,,37.84583513
2020-07-20 16:24:34 UTC,74,29.7,84,,,,,37.84583513
2020-07-20 16:26:15 UTC,75,29.7,84,,,,,37.84583513
2020-07-20 16:29:38 UTC,76,29.3,79,,,,,35.35398862
2020-07-20 16:31:20 UTC,77,28.4,75,,,,,32.25915318
2020-07-20 16:33:01 UTC,78,27.8,72,,,,,30.53275372
2020-07-20 16:34:42 UTC,79,27.5,69,,,,,29.62329833
2020-07-20 16:38:04 UTC,80,27,70,,,,,28.85555356
2020-07-20 16:39:46 UTC,81,27.5,73,,,,,30.05895241
2020-07-20 16:43:08 UTC,82,26.9,67,,,,,28.45812508
2020-07-20 16:44:49 UTC,83,26.7,68,,,,,28.22505353
2020-07-20 16:46:30 UTC,84,27.2,72,,,,,29.3855316
2020-07-20 16:48:12 UTC,85,27.3,70,,,,,29.37258127
2020-07-20 16:49:53 UTC,86,26.8,67,,,,,28.30698706
2020-07-20 16:53:15 UTC,87,27,72,,,,,29.02366303
2020-07-20 16:54:56 UTC,88,27.2,70,,,,,29.19773947
2020-07-20 16:56:38 UTC,89,26.7,67,,,,,28.158245
2020-07-20 16:58:19 UTC,90,26.7,71,,,,,28.43017572
2020-07-20 17:00:00 UTC,91,27.2,73,,,,,29.4814004
2020-07-20 17:01:41 UTC,92,27.2,69,,,,,29.10581614
2020-07-20 17:03:23 UTC,93,26.5,67,,,,,27.8679488
2020-07-20 17:05:04 UTC,94,26.7,72,,,,,28.50011531
2020-07-20 17:06:45 UTC,95,27.1,72,,,,,29.20331364
2020-07-20 17:10:07 UTC,96,26.4,69,,,,,27.83432145
2020-07-20 17:11:49 UTC,97,26.8,73,,,,,28.74774781
2020-07-20 17:13:30 UTC,98,27,71,,,,,28.93905698
2020-07-20 17:15:11 UTC,99,26.6,67,,,,,28.01189892
2020-07-20 17:18:33 UTC,100,27,73,,,,,29.10937171
2020-07-20 17:20:15 UTC,101,26.8,69,,,,,28.45034919
2020-07-20 17:21:56 UTC,102,26.4,70,,,,,27.88897727
2020-07-20 17:23:37 UTC,103,26.8,73,,,,,28.74774781
2020-07-20 17:25:19 UTC,104,26.9,71,,,,,28.76689653
2020-07-20 17:27:00 UTC,105,26.4,69,,,,,27.83432145
2020-07-20 17:28:41 UTC,106,26.6,72,,,,,28.3307341
2020-07-20 17:30:22 UTC,107,26.9,72,,,,,28.84657977
2020-07-20 17:33:45 UTC,108,26.4,72,,,,,27.99967374
2020-07-20 17:35:26 UTC,109,26.8,74,,,,,28.82432129
2020-07-20 17:37:07 UTC,110,26.8,72,,,,,28.67206387
2020-07-20 17:40:29 UTC,111,26.6,74,,,,,28.46299917
2020-07-20 17:42:11 UTC,112,26.9,73,,,,,28.92725916
2020-07-20 17:45:33 UTC,113,26.5,73,,,,,28.22482095
2020-07-20 17:47:15 UTC,114,26.9,75,,,,,29.0916064
2020-07-20 17:48:56 UTC,115,26.8,72,,,,,28.67206387
2020-07-20 17:50:38 UTC,116,26.4,72,,,,,27.99967374
2020-07-20 17:52:19 UTC,117,26.6,76,,,,,28.59796767
2020-07-20 17:54:00 UTC,118,26.8,76,,,,,28.98013684
2020-07-20 17:55:42 UTC,119,26.6,70,,,,,28.20117246
2020-07-20 17:57:23 UTC,120,26.2,74,,,,,27.77197374
2020-07-20 18:00:45 UTC,121,27,76,,,,,29.37311352
2020-07-20 18:02:26 UTC,122,26.9,73,,,,,28.92725916
2020-07-20 18:04:08 UTC,123,26.3,71,,,,,27.78713441
2020-07-20 18:05:49 UTC,124,26.4,75,,,,,28.16918052
2020-07-20 18:07:30 UTC,125,26.7,77,,,,,28.86155473
2020-07-20 18:09:12 UTC,126,27,75,,,,,29.28409696
2020-07-20 18:10:53 UTC,127,26.5,70,,,,,28.04382525
2020-07-20 18:12:34 UTC,128,26.2,75,,,,,27.8188894
2020-07-20 18:14:15 UTC,129,26.6,77,,,,,28.6664657
2020-07-20 18:15:57 UTC,130,26.9,77,,,,,29.25993823
2020-07-20 18:17:38 UTC,131,26.7,70,,,,,28.36101889
2020-07-20 18:21:00 UTC,132,26.5,75,,,,,28.34832878
2020-07-20 18:22:41 UTC,133,26.9,77,,,,,29.25993823
2020-07-20 18:26:03 UTC,134,26.3,71,,,,,27.78713441
2020-07-20 18:27:45 UTC,135,26.4,75,,,,,28.16918052
2020-07-20 18:29:26 UTC,136,26.7,77,,,,,28.86155473
2020-07-20 18:31:07 UTC,137,26.9,74,,,,,29.00893471
2020-07-20 18:32:49 UTC,138,26.4,69,,,,,27.83432145
2020-07-20 18:36:11 UTC,139,26.4,77,,,,,28.2844931
2020-07-20 18:37:52 UTC,140,26.8,78,,,,,29.1395105
2020-07-20 18:41:14 UTC,141,26,74,,,,,27.44227042
2020-07-20 18:42:55 UTC,142,26.2,77,,,,,27.91346112
2020-07-20 18:46:17 UTC,143,26.8,79,,,,,29.22053162
2020-07-20 18:49:39 UTC,144,26,76,,,,,27.51630523
2020-07-20 18:51:20 UTC,145,26.2,78,,,,,27.96111716
2020-07-20 18:54:42 UTC,146,26.6,79,,,,,28.80548934
2020-07-20 18:56:24 UTC,147,26.2,73,,,,,27.72530486
2020-07-20 18:58:05 UTC,148,25.8,77,,,,,27.20421896
2020-07-20 18:59:46 UTC,149,26,79,,,,,27.62759295
2020-07-20 19:01:28 UTC,150,26.4,80,,,,,28.46092406
2020-07-20 19:03:09 UTC,151,26.7,80,,,,,29.08781155
2020-07-20 19:04:50 UTC,152,26.2,73,,,,,27.72530486
2020-07-20 19:06:32 UTC,153,25.9,76,,,,,27.34548473
2020-07-20 19:08:13 UTC,154,26.2,80,,,,,28.05716963
2020-07-20 19:11:35 UTC,155,26.6,79,,,,,28.80548934
2020-07-20 19:13:16 UTC,156,25.9,71,,,,,27.18462687
2020-07-20 19:14:57 UTC,157,25.8,77,,,,,27.20421896
2020-07-20 19:18:19 UTC,158,26.4,81,,,,,28.5206576
2020-07-20 19:21:42 UTC,159,26.1,74,,,,,27.60580463
2020-07-20 19:23:23 UTC,160,25.8,77,,,,,27.20421896
2020-07-20 19:25:04 UTC,161,26,79,,,,,27.62759295
2020-07-20 19:26:45 UTC,162,26.3,81,,,,,28.31167842
2020-07-20 19:28:27 UTC,163,26.6,81,,,,,28.9472164
2020-07-20 19:30:08 UTC,164,26.3,75,,,,,27.99270073
2020-07-20 19:31:49 UTC,165,25.8,77,,,,,27.20421896
2020-07-20 19:35:11 UTC,166,26.3,81,,,,,28.31167842
2020-07-20 19:36:53 UTC,167,26.4,82,,,,,28.58085275
2020-07-20 19:38:34 UTC,168,26.3,75,,,,,27.99270073
2020-07-20 19:40:15 UTC,169,25.7,77,,,,,27.0337463
2020-07-20 19:41:57 UTC,170,25.9,79,,,,,27.44108133
2020-07-20 19:43:38 UTC,171,26.2,81,,,,,28.10556605
2020-07-20 19:47:00 UTC,172,26.4,78,,,,,28.34284181
2020-07-20 19:48:41 UTC,173,25.7,77,,,,,27.0337463
2020-07-20 19:50:22 UTC,174,25.8,80,,,,,27.28367013
2020-07-20 19:52:04 UTC,175,26.2,81,,,,,28.10556605
2020-07-20 19:53:45 UTC,176,26.4,82,,,,,28.58085275
2020-07-20 19:55:26 UTC,177,26.6,82,,,,,29.01909371
2020-07-20 19:57:08 UTC,178,26.2,75,,,,,27.8188894
2020-07-20 19:58:49 UTC,179,25.9,79,,,,,27.44108133
2020-07-20 20:00:30 UTC,180,26.1,81,,,,,27.9023205
2020-07-20 20:03:52 UTC,181,26.5,83,,,,,28.86511231
2020-07-20 20:05:34 UTC,182,26.5,78,,,,,28.53785656
2020-07-20 20:07:15 UTC,183,25.8,76,,,,,27.17736611
2020-07-20 20:08:56 UTC,184,26,81,,,,,27.70194176
2020-07-20 20:10:37 UTC,185,26.3,81,,,,,28.31167842
2020-07-20 20:12:19 UTC,186,26.6,82,,,,,29.01909371
2020-07-20 20:14:00 UTC,187,26.5,78,,,,,28.53785656
2020-07-20 20:15:41 UTC,188,25.7,78,,,,,27.05525048
2020-07-20 20:17:23 UTC,189,26,81,,,,,27.70194176
2020-07-20 20:19:04 UTC,190,26.3,82,,,,,28.36608132
2020-07-20 20:20:45 UTC,191,26.4,83,,,,,28.64150951
2020-07-20 20:22:26 UTC,192,26.3,77,,,,,28.09760953
2020-07-20 20:25:48 UTC,193,25.8,81,,,,,27.30978473
2020-07-20 20:29:10 UTC,194,26.3,83,,,,,28.4208385
2020-07-20 20:30:52 UTC,195,26.4,80,,,,,28.46092406
2020-07-20 20:32:33 UTC,196,25.9,76,,,,,27.34548473
2020-07-20 20:34:14 UTC,197,25.9,80,,,,,27.47279384
2020-07-20 20:35:56 UTC,198,26.3,82,,,,,28.36608132
2020-07-20 20:37:37 UTC,199,26.5,82,,,,,28.79852354
2020-07-20 20:39:18 UTC,200,26.5,80,,,,,28.66705244
2020-07-20 20:41:00 UTC,201,25.9,74,,,,,27.28137112
2020-07-20 20:44:22 UTC,202,26.2,81,,,,,28.10556605
2020-07-20 20:46:03 UTC,203,26.4,82,,,,,28.58085275
2020-07-20 20:47:44 UTC,204,26.6,80,,,,,28.87601494
2020-07-20 20:49:25 UTC,205,26.1,74,,,,,27.60580463
2020-07-20 20:51:07 UTC,206,25.9,79,,,,,27.44108133
2020-07-20 20:52:48 UTC,207,26.2,81,,,,,28.10556605
2020-07-20 20:54:29 UTC,208,26.3,82,,,,,28.36608132
2020-07-20 20:56:11 UTC,209,26.6,83,,,,,29.09164689
2020-07-20 20:57:52 UTC,210,26.2,76,,,,,27.86605186
2020-07-20 21:01:14 UTC,211,26,81,,,,,27.70194176
2020-07-20 21:02:55 UTC,212,26.3,81,,,,,28.31167842
2020-07-20 21:04:37 UTC,213,26.5,82,,,,,28.79852354
2020-07-20 21:06:18 UTC,214,26.7,80,,,,,29.08781155
2020-07-20 21:09:40 UTC,215,26,80,,,,,27.66475165
2020-07-20 21:13:02 UTC,216,26.4,82,,,,,28.58085275
2020-07-20 21:14:43 UTC,217,26.5,80,,,,,28.66705244
2020-07-20 21:16:25 UTC,218,25.9,73,,,,,27.24919955
2020-07-20 21:18:06 UTC,219,25.8,80,,,,,27.28367013
2020-07-20 21:19:47 UTC,220,26.2,81,,,,,28.10556605
2020-07-20 21:21:28 UTC,221,26.4,82,,,,,28.58085275
2020-07-20 21:23:10 UTC,222,26.7,83,,,,,29.32111325
2020-07-20 21:26:32 UTC,223,25.9,77,,,,,27.37742677
2020-07-20 21:29:54 UTC,224,26.3,82,,,,,28.36608132
2020-07-20 21:31:35 UTC,225,26.6,83,,,,,29.09164689
2020-07-20 21:33:16 UTC,226,26.7,83,,,,,29.32111325
2020-07-20 21:34:58 UTC,227,26.2,77,,,,,27.91346112
2020-07-20 21:36:39 UTC,228,26,82,,,,,27.73916327
2020-07-20 21:40:01 UTC,229,26.6,83,,,,,29.09164689
2020-07-20 21:41:42 UTC,230,26.7,83,,,,,29.32111325
2020-07-20 21:43:24 UTC,231,26.4,77,,,,,28.2844931
2020-07-20 21:45:05 UTC,232,25.9,80,,,,,27.47279384
2020-07-20 21:46:46 UTC,233,26.1,82,,,,,27.94523658
2020-07-20 21:48:27 UTC,234,26.3,83,,,,,28.4208385
2020-07-20 21:50:09 UTC,235,26.5,84,,,,,28.93226987
2020-07-20 21:51:50 UTC,236,26.6,83,,,,,29.09164689
2020-07-20 21:53:31 UTC,237,26.1,77,,,,,27.73204785
2020-07-20 21:56:53 UTC,238,26.3,82,,,,,28.36608132
2020-07-20 22:00:15 UTC,239,26.6,84,,,,,29.16487592
2020-07-20 22:01:57 UTC,240,26.6,80,,,,,28.87601494
2020-07-20 22:03:38 UTC,241,25.8,79,,,,,27.25737097
2020-07-20 22:07:00 UTC,242,26.3,83,,,,,28.4208385
2020-07-20 22:08:41 UTC,243,26.4,84,,,,,28.70262788
2020-07-20 22:10:23 UTC,244,26.6,83,,,,,29.09164689
2020-07-20 22:12:04 UTC,245,26,76,,,,,27.51630523
2020-07-20 22:15:26 UTC,246,26.3,83,,,,,28.4208385
2020-07-20 22:17:07 UTC,247,26.4,83,,,,,28.64150951
2020-07-20 22:18:49 UTC,248,26.6,84,,,,,29.16487592
2020-07-20 22:20:30 UTC,249,26.4,79,,,,,28.40165213
2020-07-20 22:22:11 UTC,250,25.8,78,,,,,27.23088725
2020-07-20 22:23:53 UTC,251,26,81,,,,,27.70194176
2020-07-20 22:25:34 UTC,252,26.3,82,,,,,28.36608132
2020-07-20 22:27:15 UTC,253,26.4,83,,,,,28.64150951
2020-07-20 22:30:37 UTC,254,26.5,79,,,,,28.6021701
2020-07-20 22:32:19 UTC,255,25.9,78,,,,,27.40929231
2020-07-20 22:34:00 UTC,256,26.1,81,,,,,27.9023205
2020-07-20 22:37:22 UTC,257,26.4,83,,,,,28.64150951
2020-07-20 22:39:03 UTC,258,26.6,84,,,,,29.16487592
2020-07-20 22:40:44 UTC,259,26.7,83,,,,,29.32111325
2020-07-20 22:42:26 UTC,260,26.3,76,,,,,28.044978
2020-07-20 22:44:07 UTC,261,26,81,,,,,27.70194176
2020-07-20 22:45:48 UTC,262,26.3,82,,,,,28.36608132
2020-07-20 22:49:10 UTC,263,26.5,84,,,,,28.93226987
2020-07-20 22:50:52 UTC,264,26.7,84,,,,,29.40044602
2020-07-20 22:52:33 UTC,265,26.5,80,,,,,28.66705244
2020-07-20 22:54:14 UTC,266,26,80,,,,,27.66475165
2020-07-20 22:55:56 UTC,267,26.2,82,,,,,28.15420926
2020-07-20 22:57:37 UTC,268,26.3,83,,,,,28.4208385
2020-07-20 22:59:18 UTC,269,26.4,84,,,,,28.70262788
2020-07-20 23:00:59 UTC,270,26.5,85,,,,,28.99999624
2020-07-20 23:02:41 UTC,271,26.4,81,,,,,28.5206576
2020-07-20 23:04:22 UTC,272,25.9,79,,,,,27.44108133
2020-07-20 23:06:03 UTC,273,26,83,,,,,27.77641618
2020-07-20 23:07:45 UTC,274,26.2,83,,,,,28.20309927
2020-07-20 23:09:26 UTC,275,26.3,84,,,,,28.47594995
2020-07-20 23:11:07 UTC,276,26.4,85,,,,,28.76420786
2020-07-20 23:12:48 UTC,277,26.5,83,,,,,28.86511231
2020-07-20 23:14:30 UTC,278,25.8,77,,,,,27.20421896
2020-07-20 23:16:11 UTC,279,25.8,81,,,,,27.30978473
2020-07-20 23:17:52 UTC,280,26.2,83,,,,,28.20309927
2020-07-20 23:19:34 UTC,281,26.3,84,,,,,28.47594995
2020-07-20 23:21:15 UTC,282,26.5,84,,,,,28.93226987
2020-07-20 23:22:56 UTC,283,26.6,84,,,,,29.16487592
2020-07-20 23:24:37 UTC,284,26.2,78,,,,,27.96111716
2020-07-20 23:26:19 UTC,285,26,82,,,,,27.73916327
2020-07-20 23:28:00 UTC,286,26.2,83,,,,,28.20309927
2020-07-20 23:31:22 UTC,287,26.4,84,,,,,28.70262788
2020-07-20 23:33:03 UTC,288,26.6,85,,,,,29.2387808
2020-07-20 23:34:44 UTC,289,26.3,78,,,,,28.15059535
2020-07-20 23:36:26 UTC,290,25.9,80,,,,,27.47279384
2020-07-20 23:39:48 UTC,291,26.3,84,,,,,28.47594995
2020-07-20 23:41:29 UTC,292,26.4,84,,,,,28.70262788
2020-07-20 23:43:10 UTC,293,26.6,85,,,,,29.2387808
2020-07-20 23:44:52 UTC,294,26.6,84,,,,,29.16487592
2020-07-20 23:46:33 UTC,295,26.1,77,,,,,27.73204785
2020-07-20 23:48:14 UTC,296,25.9,81,,,,,27.50442984
2020-07-20 23:49:56 UTC,297,26.1,84,,,,,28.03148625
2020-07-20 23:53:18 UTC,298,26.4,85,,,,,28.76420786
2020-07-20 23:54:59 UTC,299,26.6,85,,,,,29.2387808
2020-07-20 23:56:40 UTC,300,26.4,81,,,,,28.5206576
2020-07-20 23:58:22 UTC,301,25.7,81,,,,,27.11800643
2020-07-21 00:00:03 UTC,302,26,84,,,,,27.81370048
2020-07-21 00:01:44 UTC,303,26.2,84,,,,,28.25223607
2020-07-21 00:03:26 UTC,304,26.3,85,,,,,28.53141567
2020-07-21 00:05:07 UTC,305,26.4,85,,,,,28.76420786
2020-07-21 00:06:48 UTC,306,26.5,85,,,,,28.99999624
2020-07-21 00:08:29 UTC,307,26.2,78,,,,,27.96111716
2020-07-21 00:10:11 UTC,308,26,82,,,,,27.73916327
2020-07-21 00:11:52 UTC,309,26.1,83,,,,,27.98829183
2020-07-21 00:13:33 UTC,310,26.3,84,,,,,28.47594995
2020-07-21 00:16:55 UTC,311,26.6,85,,,,,29.2387808
2020-07-21 00:18:37 UTC,312,26.6,83,,,,,29.09164689
2020-07-21 00:20:18 UTC,313,26.1,79,,,,,27.81690584
2020-07-21 00:21:59 UTC,314,26.1,82,,,,,27.94523658
2020-07-21 00:23:40 UTC,315,26.2,84,,,,,28.25223607
2020-07-21 00:25:22 UTC,316,26.4,85,,,,,28.76420786
2020-07-21 00:27:03 UTC,317,26.5,85,,,,,28.99999624
2020-07-21 00:28:44 UTC,318,26.6,86,,,,,29.31336154
2020-07-21 00:30:26 UTC,319,26.4,80,,,,,28.46092406
2020-07-21 00:32:07 UTC,320,25.8,81,,,,,27.30978473
2020-07-21 00:33:48 UTC,321,26,84,,,,,27.81370048
2020-07-21 00:37:10 UTC,322,26.4,85,,,,,28.76420786
2020-07-21 00:38:51 UTC,323,26.5,86,,,,,29.06829142
2020-07-21 00:42:13 UTC,324,26.3,80,,,,,28.25762979
2020-07-21 00:43:55 UTC,325,25.9,81,,,,,27.50442984
2020-07-21 00:47:17 UTC,326,26.2,85,,,,,28.30161966
2020-07-21 00:50:39 UTC,327,26.4,86,,,,,28.82624946
2020-07-21 00:52:20 UTC,328,26.5,86,,,,,29.06829142
2020-07-21 00:55:42 UTC,329,25.9,81,,,,,27.50442984
2020-07-21 00:57:23 UTC,330,26,84,,,,,27.81370048
2020-07-21 00:59:05 UTC,331,26.2,85,,,,,28.30161966
2020-07-21 01:02:27 UTC,332,26.4,86,,,,,28.82624946
2020-07-21 01:04:08 UTC,333,26.7,85,,,,,29.48056155
2020-07-21 01:05:49 UTC,334,27,84,,,,,30.12494066
2020-07-21 01:07:31 UTC,335,27.1,83,,,,,30.26829658
2020-07-21 01:09:12 UTC,336,27.2,83,,,,,30.51242187
2020-07-21 01:10:53 UTC,337,27.2,83,,,,,30.51242187
2020-07-21 01:12:35 UTC,338,27.3,83,,,,,30.75947895
2020-07-21 01:14:16 UTC,339,27.3,83,,,,,30.75947895
2020-07-21 01:15:57 UTC,340,27.3,83,,,,,30.75947895
2020-07-21 01:17:39 UTC,341,27.3,83,,,,,30.75947895
2020-07-21 01:19:20 UTC,342,27.4,82,,,,,30.88803243
2020-07-21 01:21:01 UTC,343,27.4,82,,,,,30.88803243
2020-07-21 01:22:42 UTC,344,27.4,82,,,,,30.88803243
2020-07-21 01:24:24 UTC,345,27.4,82,,,,,30.88803243
2020-07-21 01:26:05 UTC,346,27.4,82,,,,,30.88803243
2020-07-21 01:27:46 UTC,347,27.5,83,,,,,31.26238846
2020-07-21 01:29:28 UTC,348,27.6,83,,,,,31.5182409
2020-07-21 01:31:09 UTC,349,27.7,84,,,,,31.91917012
2020-07-21 01:32:50 UTC,350,27.7,84,,,,,31.91917012
2020-07-21 01:34:32 UTC,351,27.6,84,,,,,31.65395945
2020-07-21 01:36:13 UTC,352,27.7,84,,,,,31.91917012
2020-07-21 01:37:54 UTC,353,27.7,84,,,,,31.91917012
2020-07-21 01:39:35 UTC,354,27.7,84,,,,,31.91917012
2020-07-21 01:42:57 UTC,355,27.7,84,,,,,31.91917012
2020-07-21 01:44:39 UTC,356,27.7,84,,,,,31.91917012
2020-07-21 01:48:01 UTC,357,27.8,84,,,,,32.18734483
2020-07-21 01:49:42 UTC,358,27.8,84,,,,,32.18734483
2020-07-21 01:51:23 UTC,359,27.8,85,,,,,32.33789784
2020-07-21 01:53:05 UTC,360,27.8,84,,,,,32.18734483
2020-07-21 01:54:46 UTC,361,27.8,85,,,,,32.33789784
2020-07-21 01:56:27 UTC,362,27.8,85,,,,,32.33789784
2020-07-21 01:58:08 UTC,363,27.8,85,,,,,32.33789784
2020-07-21 01:59:50 UTC,364,27.8,85,,,,,32.33789784
2020-07-21 02:01:31 UTC,365,27.8,85,,,,,32.33789784
2020-07-21 02:03:12 UTC,366,27.8,85,,,,,32.33789784
2020-07-21 02:06:34 UTC,367,27.8,85,,,,,32.33789784
2020-07-21 02:08:16 UTC,368,27.8,85,,,,,32.33789784
2020-07-21 02:09:57 UTC,369,27.8,85,,,,,32.33789784
2020-07-21 02:11:38 UTC,370,27.9,85,,,,,32.61563279
2020-07-21 02:13:19 UTC,371,27.8,85,,,,,32.33789784
2020-07-21 02:15:01 UTC,372,27.8,85,,,,,32.33789784
2020-07-21 02:16:42 UTC,373,27.8,85,,,,,32.33789784
2020-07-21 02:18:23 UTC,374,27.9,85,,,,,32.61563279
2020-07-21 02:20:05 UTC,375,27.9,85,,,,,32.61563279
2020-07-21 02:21:46 UTC,376,27.9,84,,,,,32.45848361
2020-07-21 02:23:27 UTC,377,27.9,84,,,,,32.45848361
2020-07-21 02:25:09 UTC,378,27.9,84,,,,,32.45848361
2020-07-21 02:26:50 UTC,379,27.9,84,,,,,32.45848361
2020-07-21 02:28:31 UTC,380,27.9,84,,,,,32.45848361
2020-07-21 02:30:13 UTC,381,27.9,84,,,,,32.45848361
2020-07-21 02:33:35 UTC,382,27.9,84,,,,,32.45848361
2020-07-21 02:35:16 UTC,383,27.9,84,,,,,32.45848361
2020-07-21 02:36:57 UTC,384,27.9,84,,,,,32.45848361
2020-07-21 02:38:38 UTC,385,27.9,84,,,,,32.45848361
2020-07-21 02:40:20 UTC,386,27.9,84,,,,,32.45848361
2020-07-21 02:42:01 UTC,387,27.9,84,,,,,32.45848361
2020-07-21 02:43:42 UTC,388,28,85,,,,,32.89636392
2020-07-21 02:45:24 UTC,389,27.9,84,,,,,32.45848361
2020-07-21 02:47:05 UTC,390,28,85,,,,,32.89636392
2020-07-21 02:48:46 UTC,391,28,85,,,,,32.89636392
2020-07-21 02:52:08 UTC,392,28,85,,,,,32.89636392
2020-07-21 02:53:50 UTC,393,28,84,,,,,32.73258644
2020-07-21 02:55:31 UTC,394,28,84,,,,,32.73258644
2020-07-21 02:57:12 UTC,395,28,84,,,,,32.73258644
2020-07-21 02:58:53 UTC,396,28,84,,,,,32.73258644
2020-07-21 03:02:15 UTC,397,28,84,,,,,32.73258644
2020-07-21 03:03:57 UTC,398,28,84,,,,,32.73258644
2020-07-21 03:05:38 UTC,399,28,84,,,,,32.73258644
2020-07-21 03:07:19 UTC,400,28.1,85,,,,,33.18009123
2020-07-21 03:09:00 UTC,401,28.1,84,,,,,33.00965333
2020-07-21 03:10:42 UTC,402,28.1,85,,,,,33.18009123
2020-07-21 03:12:23 UTC,403,28.2,84,,,,,33.28968427
2020-07-21 03:14:04 UTC,404,28.2,85,,,,,33.46681473
2020-07-21 03:15:46 UTC,405,28.2,84,,,,,33.28968427
2020-07-21 03:17:27 UTC,406,28.2,85,,,,,33.46681473
2020-07-21 03:20:49 UTC,407,28.2,85,,,,,33.46681473
2020-07-21 03:22:30 UTC,408,28.2,85,,,,,33.46681473
2020-07-21 03:24:12 UTC,409,28.2,85,,,,,33.46681473
2020-07-21 03:25:53 UTC,410,28.3,84,,,,,33.57267927
2020-07-21 03:27:34 UTC,411,28.3,84,,,,,33.57267927
2020-07-21 03:29:16 UTC,412,28.3,84,,,,,33.57267927
2020-07-21 03:32:38 UTC,413,28.3,84,,,,,33.57267927
2020-07-21 03:34:19 UTC,414,28.3,84,,,,,33.57267927
2020-07-21 03:36:00 UTC,415,28.4,84,,,,,33.85863832
2020-07-21 03:37:42 UTC,416,28.4,84,,,,,33.85863832
2020-07-21 03:39:23 UTC,417,28.4,84,,,,,33.85863832
2020-07-21 03:41:04 UTC,418,28.4,84,,,,,33.85863832
2020-07-21 03:42:46 UTC,419,28.4,84,,,,,33.85863832
2020-07-21 03:44:27 UTC,420,28.4,84,,,,,33.85863832
2020-07-21 03:47:49 UTC,421,28.4,84,,,,,33.85863832
2020-07-21 03:51:11 UTC,422,28.5,84,,,,,34.14756143
2020-07-21 03:52:52 UTC,423,28.5,84,,,,,34.14756143
2020-07-21 03:54:33 UTC,424,28.6,84,,,,,34.4394486
2020-07-21 03:56:15 UTC,425,28.6,84,,,,,34.4394486
2020-07-21 03:57:56 UTC,426,28.6,83,,,,,34.23801343
2020-07-21 03:59:37 UTC,427,28.6,83,,,,,34.23801343
2020-07-21 04:01:19 UTC,428,28.6,83,,,,,34.23801343
2020-07-21 04:03:00 UTC,429,28.6,83,,,,,34.23801343
2020-07-21 04:04:41 UTC,430,28.6,83,,,,,34.23801343
2020-07-21 04:06:22 UTC,431,28.6,83,,,,,34.23801343
2020-07-21 04:08:04 UTC,432,28.6,83,,,,,34.23801343
2020-07-21 04:11:26 UTC,433,28.7,83,,,,,34.52611551
2020-07-21 04:13:07 UTC,434,28.6,83,,,,,34.23801343
2020-07-21 04:16:29 UTC,435,28.6,83,,,,,34.23801343
2020-07-21 04:18:10 UTC,436,28.7,83,,,,,34.52611551
2020-07-21 04:19:51 UTC,437,28.7,83,,,,,34.52611551
2020-07-21 04:21:33 UTC,438,28.7,83,,,,,34.52611551
2020-07-21 04:23:14 UTC,439,28.7,83,,,,,34.52611551
2020-07-21 04:26:36 UTC,440,28.7,83,,,,,34.52611551
2020-07-21 04:28:17 UTC,441,28.7,83,,,,,34.52611551
2020-07-21 04:29:59 UTC,442,28.7,83,,,,,34.52611551
2020-07-21 04:31:40 UTC,443,28.7,83,,,,,34.52611551
2020-07-21 04:33:21 UTC,444,28.7,83,,,,,34.52611551
2020-07-21 04:36:43 UTC,445,28.7,83,,,,,34.52611551
2020-07-21 04:38:25 UTC,446,28.7,83,,,,,34.52611551
2020-07-21 04:40:06 UTC,447,28.7,83,,,,,34.52611551
2020-07-21 04:41:47 UTC,448,28.7,83,,,,,34.52611551
2020-07-21 04:43:28 UTC,449,28.7,82,,,,,34.32082202
2020-07-21 04:45:10 UTC,450,28.7,83,,,,,34.52611551
2020-07-21 04:48:32 UTC,451,28.7,83,,,,,34.52611551
2020-07-21 04:50:13 UTC,452,28.8,83,,,,,34.81714936
2020-07-21 04:51:54 UTC,453,28.8,83,,,,,34.81714936
2020-07-21 04:55:16 UTC,454,28.8,83,,,,,34.81714936
2020-07-21 04:56:58 UTC,455,28.8,83,,,,,34.81714936
2020-07-21 04:58:39 UTC,456,28.9,82,,,,,34.89243407
2020-07-21 05:00:20 UTC,457,28.9,82,,,,,34.89243407
2020-07-21 05:02:02 UTC,458,28.9,82,,,,,34.89243407
2020-07-21 05:03:43 UTC,459,28.9,82,,,,,34.89243407
2020-07-21 05:05:24 UTC,460,28.9,82,,,,,34.89243407
2020-07-21 05:07:05 UTC,461,28.9,82,,,,,34.89243407
2020-07-21 05:08:47 UTC,462,28.9,82,,,,,34.89243407
2020-07-21 05:10:28 UTC,463,28.9,82,,,,,34.89243407
2020-07-21 05:12:09 UTC,464,28.9,82,,,,,34.89243407
2020-07-21 05:15:31 UTC,465,28.9,82,,,,,34.89243407
2020-07-21 05:17:13 UTC,466,28.9,82,,,,,34.89243407
2020-07-21 05:18:54 UTC,467,28.9,82,,,,,34.89243407
2020-07-21 05:20:35 UTC,468,28.9,82,,,,,34.89243407
2020-07-21 05:22:17 UTC,469,28.9,82,,,,,34.89243407
2020-07-21 05:23:58 UTC,470,28.9,82,,,,,34.89243407
2020-07-21 05:25:39 UTC,471,28.9,82,,,,,34.89243407
2020-07-21 05:29:01 UTC,472,28.9,82,,,,,34.89243407
2020-07-21 05:30:43 UTC,473,28.9,82,,,,,34.89243407
2020-07-21 05:32:24 UTC,474,28.9,82,,,,,34.89243407
2020-07-21 05:34:05 UTC,475,28.9,82,,,,,34.89243407
2020-07-21 05:35:47 UTC,476,29,83,,,,,35.40801244
2020-07-21 05:37:28 UTC,477,29,83,,,,,35.40801244
2020-07-21 05:39:09 UTC,478,29,83,,,,,35.40801244
2020-07-21 05:40:51 UTC,479,29,83,,,,,35.40801244
2020-07-21 05:44:13 UTC,480,29,83,,,,,35.40801244
2020-07-21 05:45:54 UTC,481,29,83,,,,,35.40801244
2020-07-21 05:47:35 UTC,482,29,83,,,,,35.40801244
2020-07-21 05:49:17 UTC,483,29,83,,,,,35.40801244
2020-07-21 05:50:58 UTC,484,29,83,,,,,35.40801244
2020-07-21 05:54:20 UTC,485,29,83,,,,,35.40801244
2020-07-21 05:57:42 UTC,486,29,83,,,,,35.40801244
2020-07-21 05:59:23 UTC,487,29,83,,,,,35.40801244
2020-07-21 06:01:04 UTC,488,29,83,,,,,35.40801244
2020-07-21 06:02:46 UTC,489,29,83,,,,,35.40801244
2020-07-21 06:04:27 UTC,490,29,83,,,,,35.40801244
2020-07-21 06:06:08 UTC,491,29,83,,,,,35.40801244
2020-07-21 06:07:50 UTC,492,29,83,,,,,35.40801244
2020-07-21 06:09:31 UTC,493,29,83,,,,,35.40801244
2020-07-21 06:11:12 UTC,494,29,83,,,,,35.40801244
2020-07-21 06:12:53 UTC,495,29.1,83,,,,,35.70784165
2020-07-21 06:14:35 UTC,496,29.2,82,,,,,35.77159742
2020-07-21 06:16:16 UTC,497,29.3,82,,,,,36.07045061
2020-07-21 06:19:38 UTC,498,29.3,82,,,,,36.07045061
2020-07-21 06:21:19 UTC,499,29.3,82,,,,,36.07045061
2020-07-21 06:23:01 UTC,500,29.4,82,,,,,36.37220318
2020-07-21 06:24:42 UTC,501,29.4,82,,,,,36.37220318
2020-07-21 06:26:23 UTC,502,29.4,82,,,,,36.37220318
2020-07-21 06:28:05 UTC,503,29.4,82,,,,,36.37220318
2020-07-21 06:29:46 UTC,504,29.4,82,,,,,36.37220318
2020-07-21 06:31:27 UTC,505,29.4,82,,,,,36.37220318
2020-07-21 06:34:49 UTC,506,29.4,82,,,,,36.37220318
2020-07-21 06:38:11 UTC,507,29.4,82,,,,,36.37220318
2020-07-21 06:39:52 UTC,508,29.4,82,,,,,36.37220318
2020-07-21 06:41:34 UTC,509,29.4,82,,,,,36.37220318
2020-07-21 06:43:15 UTC,510,29.4,81,,,,,36.12310147
2020-07-21 06:44:56 UTC,511,29.4,81,,,,,36.12310147
2020-07-21 06:46:38 UTC,512,29.5,80,,,,,36.16876666
2020-07-21 06:48:19 UTC,513,29.5,80,,,,,36.16876666
2020-07-21 06:50:00 UTC,514,29.5,80,,,,,36.16876666
2020-07-21 06:51:41 UTC,515,29.5,80,,,,,36.16876666
2020-07-21 06:53:23 UTC,516,29.6,79,,,,,36.20765678
2020-07-21 06:55:04 UTC,517,29.6,79,,,,,36.20765678
2020-07-21 06:56:45 UTC,518,29.6,79,,,,,36.20765678
2020-07-21 06:58:26 UTC,519,29.7,79,,,,,36.49781537
2020-07-21 07:00:08 UTC,520,29.7,79,,,,,36.49781537
2020-07-21 07:01:49 UTC,521,29.7,78,,,,,36.23998154
2020-07-21 07:05:11 UTC,522,29.7,78,,,,,36.23998154
2020-07-21 07:06:52 UTC,523,29.7,79,,,,,36.49781537
2020-07-21 07:08:34 UTC,524,29.8,79,,,,,36.79077523
2020-07-21 07:10:15 UTC,525,29.7,79,,,,,36.49781537
2020-07-21 07:11:56 UTC,526,29.7,79,,,,,36.49781537
2020-07-21 07:13:38 UTC,527,29.8,79,,,,,36.79077523
2020-07-21 07:15:19 UTC,528,29.8,79,,,,,36.79077523
2020-07-21 07:17:00 UTC,529,29.8,79,,,,,36.79077523
2020-07-21 07:18:41 UTC,530,29.9,78,,,,,36.81548595
2020-07-21 07:20:23 UTC,531,29.9,78,,,,,36.81548595
2020-07-21 07:23:45 UTC,532,29.9,78,,,,,36.81548595
2020-07-21 07:25:26 UTC,533,29.9,78,,,,,36.81548595
2020-07-21 07:27:07 UTC,534,29.9,78,,,,,36.81548595
2020-07-21 07:28:48 UTC,535,29.9,78,,,,,36.81548595
2020-07-21 07:30:30 UTC,536,29.9,78,,,,,36.81548595
2020-07-21 07:32:11 UTC,537,29.9,78,,,,,36.81548595
2020-07-21 07:38:09 UTC,538,29.9,79,,,,,37.08653636
2020-07-21 07:39:50 UTC,539,30.1,77,,,,,37.12199693
2020-07-21 07:41:32 UTC,540,29.8,78,,,,,36.5263496
2020-07-21 07:43:13 UTC,541,29.8,78,,,,,36.5263496
2020-07-21 07:44:55 UTC,542,29.8,79,,,,,36.79077523
2020-07-21 07:46:36 UTC,543,29.8,79,,,,,36.79077523
2020-07-21 07:48:18 UTC,544,29.7,79,,,,,36.49781537
2020-07-21 07:49:59 UTC,545,29.7,79,,,,,36.49781537
2020-07-21 07:51:40 UTC,546,29.7,79,,,,,36.49781537
2020-07-21 07:53:22 UTC,547,29.7,79,,,,,36.49781537
2020-07-21 07:55:03 UTC,548,29.9,78,,,,,36.81548595
2020-07-21 07:56:44 UTC,549,29.9,78,,,,,36.81548595
2020-07-21 07:58:26 UTC,550,29.9,78,,,,,36.81548595
2020-07-21 08:00:07 UTC,551,30,78,,,,,37.10739058
2020-07-21 08:01:49 UTC,552,30,78,,,,,37.10739058
2020-07-21 08:03:30 UTC,553,29.9,78,,,,,36.81548595
2020-07-21 08:05:11 UTC,554,29.9,78,,,,,36.81548595
2020-07-21 08:06:52 UTC,555,29.9,78,,,,,36.81548595
2020-07-21 08:10:14 UTC,556,29.9,78,,,,,36.81548595
2020-07-21 08:11:56 UTC,557,29.9,78,,,,,36.81548595
2020-07-21 08:13:37 UTC,558,29.9,78,,,,,36.81548595
2020-07-21 08:15:18 UTC,559,30,78,,,,,37.10739058
2020-07-21 08:17:00 UTC,560,30,78,,,,,37.10739058
2020-07-21 08:18:41 UTC,561,29.9,78,,,,,36.81548595
2020-07-21 08:20:22 UTC,562,29.9,79,,,,,37.08653636
2020-07-21 08:22:04 UTC,563,29.8,79,,,,,36.79077523
2020-07-21 08:25:26 UTC,564,29.8,79,,,,,36.79077523
2020-07-21 08:27:07 UTC,565,29.9,79,,,,,37.08653636
2020-07-21 08:28:48 UTC,566,29.9,79,,,,,37.08653636
2020-07-21 08:30:30 UTC,567,29.9,79,,,,,37.08653636
2020-07-21 08:33:52 UTC,568,29.9,79,,,,,37.08653636
2020-07-21 08:35:33 UTC,569,30,79,,,,,37.38509876
2020-07-21 08:38:55 UTC,570,30,79,,,,,37.38509876
2020-07-21 08:40:36 UTC,571,30,79,,,,,37.38509876
2020-07-21 08:42:18 UTC,572,30.1,79,,,,,37.68646242
2020-07-21 08:43:59 UTC,573,30.1,78,,,,,37.40206349
2020-07-21 08:45:40 UTC,574,30,78,,,,,37.10739058
2020-07-21 08:47:21 UTC,575,30,78,,,,,37.10739058
2020-07-21 08:49:03 UTC,576,30.1,79,,,,,37.68646242
2020-07-21 10:23:36 UTC,577,29.8,84,,,,,38.17329097
2020-07-21 10:25:17 UTC,578,29.7,84,,,,,37.84583513
2020-07-21 10:28:39 UTC,579,29.8,85,,,,,38.46187164
2020-07-21 10:30:20 UTC,580,29.8,85,,,,,38.46187164
2020-07-21 10:33:42 UTC,581,29.8,84,,,,,38.17329097
2020-07-21 10:35:23 UTC,582,30,84,,,,,38.83709481
2020-07-21 10:37:05 UTC,583,29.9,84,,,,,38.50371086
2020-07-21 10:38:46 UTC,584,29.9,84,,,,,38.50371086
2020-07-21 10:42:08 UTC,585,29.9,82,,,,,37.92445656
2020-07-21 10:43:49 UTC,586,29.9,81,,,,,37.64102166
2020-07-21 10:45:30 UTC,587,29.9,81,,,,,37.64102166
2020-07-21 10:47:12 UTC,588,29.9,81,,,,,37.64102166
2020-07-21 10:48:53 UTC,589,29.9,81,,,,,37.64102166
2020-07-21 10:50:34 UTC,590,29.9,81,,,,,37.64102166
2020-07-21 10:52:16 UTC,591,29.9,81,,,,,37.64102166
2020-07-21 10:53:57 UTC,592,29.9,81,,,,,37.64102166
2020-07-21 10:55:38 UTC,593,30,82,,,,,38.24360536
2020-07-21 10:57:19 UTC,594,30,82,,,,,38.24360536
2020-07-21 10:59:01 UTC,595,30,82,,,,,38.24360536
2020-07-21 11:00:42 UTC,596,30,82,,,,,38.24360536
2020-07-21 11:02:23 UTC,597,30,81,,,,,37.95320614
2020-07-21 11:04:05 UTC,598,30,81,,,,,37.95320614
2020-07-21 11:05:46 UTC,599,30,81,,,,,37.95320614
2020-07-21 11:07:27 UTC,600,30,81,,,,,37.95320614
2020-07-21 11:09:09 UTC,601,30,82,,,,,38.24360536
2020-07-21 11:10:50 UTC,602,30,82,,,,,38.24360536
2020-07-21 11:12:31 UTC,603,30,81,,,,,37.95320614
2020-07-21 11:14:13 UTC,604,30,81,,,,,37.95320614
2020-07-21 11:15:54 UTC,605,30,81,,,,,37.95320614
2020-07-21 11:17:35 UTC,606,30,81,,,,,37.95320614
2020-07-21 11:19:16 UTC,607,30,81,,,,,37.95320614
2020-07-21 11:20:58 UTC,608,30,81,,,,,37.95320614
2020-07-21 11:22:39 UTC,609,30,81,,,,,37.95320614
2020-07-21 11:24:20 UTC,610,30,81,,,,,37.95320614
2020-07-21 11:26:02 UTC,611,30,81,,,,,37.95320614
2020-07-21 11:27:43 UTC,612,30,81,,,,,37.95320614
2020-07-21 11:31:05 UTC,613,30,81,,,,,37.95320614
2020-07-21 11:32:46 UTC,614,30,81,,,,,37.95320614
2020-07-21 11:34:27 UTC,615,30,81,,,,,37.95320614
2020-07-21 11:36:09 UTC,616,30,81,,,,,37.95320614
2020-07-21 11:37:50 UTC,617,30,80,,,,,37.66703728
2020-07-21 11:39:31 UTC,618,30,80,,,,,37.66703728
2020-07-21 11:41:13 UTC,619,30,80,,,,,37.66703728
2020-07-21 11:42:54 UTC,620,30,80,,,,,37.66703728
2020-07-21 11:46:16 UTC,621,30,80,,,,,37.66703728
2020-07-21 11:47:57 UTC,622,30.1,80,,,,,37.97519374
2020-07-21 11:51:19 UTC,623,30.1,80,,,,,37.97519374
2020-07-21 11:53:00 UTC,624,30.1,80,,,,,37.97519374
2020-07-21 11:56:23 UTC,625,30.1,80,,,,,37.97519374
2020-07-21 11:59:45 UTC,626,30.1,80,,,,,37.97519374
2020-07-21 12:03:06 UTC,627,30,80,,,,,37.66703728
2020-07-21 12:04:48 UTC,628,30,80,,,,,37.66703728
2020-07-21 12:06:29 UTC,629,30,80,,,,,37.66703728
2020-07-21 12:08:10 UTC,630,30,80,,,,,37.66703728
2020-07-21 12:09:52 UTC,631,30,80,,,,,37.66703728
2020-07-21 12:13:14 UTC,632,30,80,,,,,37.66703728
2020-07-21 12:14:55 UTC,633,30,80,,,,,37.66703728
2020-07-21 12:16:36 UTC,634,30.1,80,,,,,37.97519374
2020-07-21 12:18:17 UTC,635,30.1,80,,,,,37.97519374
2020-07-21 12:19:59 UTC,636,30,80,,,,,37.66703728
2020-07-21 12:21:40 UTC,637,30,80,,,,,37.66703728
2020-07-21 12:23:21 UTC,638,30,80,,,,,37.66703728
2020-07-21 12:25:03 UTC,639,30,80,,,,,37.66703728
2020-07-21 12:26:44 UTC,640,30,80,,,,,37.66703728
2020-07-21 12:28:25 UTC,641,30,80,,,,,37.66703728
2020-07-21 12:30:07 UTC,642,30,80,,,,,37.66703728
2020-07-21 12:31:48 UTC,643,30,80,,,,,37.66703728
2020-07-21 12:33:29 UTC,644,30,79,,,,,37.38509876
2020-07-21 12:35:10 UTC,645,30,79,,,,,37.38509876
2020-07-21 12:36:52 UTC,646,30,79,,,,,37.38509876
2020-07-21 12:38:33 UTC,647,30,79,,,,,37.38509876
2020-07-21 12:41:55 UTC,648,30.1,79,,,,,37.68646242
2020-07-21 12:43:36 UTC,649,30.1,79,,,,,37.68646242
2020-07-21 12:46:58 UTC,650,30.1,79,,,,,37.68646242
2020-07-21 12:48:40 UTC,651,30.1,79,,,,,37.68646242
2020-07-21 12:50:21 UTC,652,30.1,79,,,,,37.68646242
2020-07-21 12:52:02 UTC,653,30.1,79,,,,,37.68646242
2020-07-21 12:53:44 UTC,654,30.1,79,,,,,37.68646242
2020-07-21 12:57:06 UTC,655,30.1,79,,,,,37.68646242
2020-07-21 12:58:47 UTC,656,30.1,79,,,,,37.68646242
2020-07-21 13:00:28 UTC,657,30.1,79,,,,,37.68646242
2020-07-21 13:02:10 UTC,658,30.2,79,,,,,37.99062736
2020-07-21 13:03:51 UTC,659,30.2,80,,,,,38.28618432
2020-07-21 13:05:32 UTC,660,30.2,80,,,,,38.28618432
2020-07-21 13:07:13 UTC,661,30.2,80,,,,,38.28618432
2020-07-21 13:08:55 UTC,662,30.2,80,,,,,38.28618432
2020-07-21 13:10:36 UTC,663,30.2,80,,,,,38.28618432
2020-07-21 13:12:17 UTC,664,30.2,81,,,,,38.58617555
2020-07-21 13:13:58 UTC,665,30.3,81,,,,,38.90696047
2020-07-21 13:17:21 UTC,666,30.3,81,,,,,38.90696047
2020-07-21 13:19:02 UTC,667,30.3,81,,,,,38.90696047
2020-07-21 13:20:43 UTC,668,30.3,81,,,,,38.90696047
2020-07-21 13:22:24 UTC,669,30.4,81,,,,,39.23061221
2020-07-21 13:24:06 UTC,670,30.4,81,,,,,39.23061221
2020-07-21 13:25:47 UTC,671,30.3,81,,,,,38.90696047
2020-07-21 13:27:28 UTC,672,30.4,82,,,,,39.54919423
2020-07-21 13:29:10 UTC,673,30.4,82,,,,,39.54919423
2020-07-21 13:30:51 UTC,674,30.4,82,,,,,39.54919423
2020-07-21 13:32:32 UTC,675,30.4,82,,,,,39.54919423
2020-07-21 13:34:13 UTC,676,30.4,82,,,,,39.54919423
2020-07-21 13:35:55 UTC,677,30.4,83,,,,,39.87241389
2020-07-21 13:37:36 UTC,678,30.5,83,,,,,40.2132881
2020-07-21 13:39:17 UTC,679,30.5,83,,,,,40.2132881
2020-07-21 13:40:59 UTC,680,30.5,82,,,,,39.88283988
2020-07-21 13:44:20 UTC,681,30.5,83,,,,,40.2132881
2020-07-21 13:46:02 UTC,682,30.5,83,,,,,40.2132881
2020-07-21 13:49:24 UTC,683,30.5,83,,,,,40.2132881
2020-07-21 13:51:05 UTC,684,30.5,83,,,,,40.2132881
2020-07-21 13:52:46 UTC,685,30.5,82,,,,,39.88283988
2020-07-21 13:54:28 UTC,686,30.5,83,,,,,40.2132881
2020-07-21 13:56:09 UTC,687,30.5,82,,,,,39.88283988
2020-07-21 13:57:50 UTC,688,30.5,82,,,,,39.88283988
2020-07-21 13:59:32 UTC,689,30.5,82,,,,,39.88283988
2020-07-21 14:01:13 UTC,690,30.5,83,,,,,40.2132881
2020-07-21 14:02:54 UTC,691,30.5,83,,,,,40.2132881
2020-07-21 14:06:16 UTC,692,30.5,83,,,,,40.2132881
2020-07-21 14:07:57 UTC,693,30.5,84,,,,,40.54847541
2020-07-21 14:11:20 UTC,694,30.5,84,,,,,40.54847541
2020-07-21 14:13:01 UTC,695,30.7,83,,,,,40.90383187
2020-07-21 14:14:42 UTC,696,30.7,84,,,,,41.25377604
2020-07-21 14:18:04 UTC,697,30.6,84,,,,,40.89964369
2020-07-21 14:21:26 UTC,698,30.5,83,,,,,40.2132881
2020-07-21 14:23:08 UTC,699,30.5,83,,,,,40.2132881
2020-07-21 14:24:49 UTC,700,30.4,83,,,,,39.87241389
2020-07-21 14:26:30 UTC,701,30.4,83,,,,,39.87241389
2020-07-21 14:28:11 UTC,702,30.4,83,,,,,39.87241389
2020-07-21 14:29:53 UTC,703,30.3,83,,,,,39.53447147
2020-07-21 14:31:34 UTC,704,30.3,83,,,,,39.53447147
2020-07-21 14:33:15 UTC,705,30.3,83,,,,,39.53447147
2020-07-21 14:34:57 UTC,706,30.3,83,,,,,39.53447147
2020-07-21 14:36:38 UTC,707,30.3,83,,,,,39.53447147
2020-07-21 14:38:19 UTC,708,30.3,83,,,,,39.53447147
2020-07-21 14:40:00 UTC,709,30.3,83,,,,,39.53447147
2020-07-21 14:41:42 UTC,710,30.3,83,,,,,39.53447147
2020-07-21 14:45:04 UTC,711,30.3,82,,,,,39.21844796
2020-07-21 14:46:45 UTC,712,30.2,83,,,,,39.19946083
2020-07-21 14:48:26 UTC,713,30.2,83,,,,,39.19946083
2020-07-21 14:50:08 UTC,714,30.2,83,,,,,39.19946083
2020-07-21 14:51:49 UTC,715,30.2,82,,,,,38.89060105
2020-07-21 14:53:30 UTC,716,30.2,82,,,,,38.89060105
2020-07-21 14:55:12 UTC,717,30.2,82,,,,,38.89060105
2020-07-21 14:58:34 UTC,718,30.3,82,,,,,39.21844796
2020-07-21 15:00:15 UTC,719,30.3,82,,,,,39.21844796
2020-07-21 15:01:56 UTC,720,30.3,82,,,,,39.21844796
2020-07-21 15:03:38 UTC,721,30.3,82,,,,,39.21844796
2020-07-21 15:05:19 UTC,722,30.3,82,,,,,39.21844796
2020-07-21 15:07:00 UTC,723,30.3,82,,,,,39.21844796
2020-07-21 15:08:42 UTC,724,30.3,82,,,,,39.21844796
2020-07-21 15:10:23 UTC,725,30.3,82,,,,,39.21844796
2020-07-21 15:12:04 UTC,726,30.3,82,,,,,39.21844796
2020-07-21 15:15:26 UTC,727,30.3,82,,,,,39.21844796
2020-07-21 15:17:08 UTC,728,30.3,82,,,,,39.21844796
2020-07-21 15:18:49 UTC,729,30.3,82,,,,,39.21844796
2020-07-21 15:20:30 UTC,730,30.3,82,,,,,39.21844796
2020-07-21 15:22:11 UTC,731,30.3,82,,,,,39.21844796
2020-07-21 15:23:53 UTC,732,30.3,82,,,,,39.21844796
2020-07-21 15:25:34 UTC,733,30.3,82,,,,,39.21844796
2020-07-21 15:27:15 UTC,734,30.3,82,,,,,39.21844796
2020-07-21 15:28:57 UTC,735,30.3,82,,,,,39.21844796
2020-07-21 15:30:38 UTC,736,30.3,82,,,,,39.21844796
2020-07-21 15:32:19 UTC,737,30.2,82,,,,,38.89060105
2020-07-21 15:35:41 UTC,738,30.3,82,,,,,39.21844796
2020-07-21 15:37:22 UTC,739,30.3,82,,,,,39.21844796
2020-07-21 15:39:04 UTC,740,30.3,82,,,,,39.21844796
2020-07-21 15:40:45 UTC,741,30.3,82,,,,,39.21844796
2020-07-21 15:42:27 UTC,742,30.3,82,,,,,39.21844796
2020-07-21 15:44:08 UTC,743,30.3,82,,,,,39.21844796
2020-07-21 15:45:49 UTC,744,30.3,82,,,,,39.21844796
2020-07-21 15:47:30 UTC,745,30.3,82,,,,,39.21844796
2020-07-21 15:49:12 UTC,746,30.2,82,,,,,38.89060105
2020-07-21 15:50:53 UTC,747,30.2,82,,,,,38.89060105
2020-07-21 15:54:16 UTC,748,30.2,82,,,,,38.89060105
2020-07-21 15:55:57 UTC,749,30.2,82,,,,,38.89060105
2020-07-21 15:57:38 UTC,750,30.3,82,,,,,39.21844796
2020-07-21 15:59:20 UTC,751,30.3,82,,,,,39.21844796
2020-07-21 16:02:42 UTC,752,30.3,82,,,,,39.21844796
2020-07-21 16:06:04 UTC,753,30.3,82,,,,,39.21844796
2020-07-21 16:07:45 UTC,754,30.2,83,,,,,39.19946083
2020-07-21 16:09:26 UTC,755,30.3,83,,,,,39.53447147
2020-07-21 16:11:08 UTC,756,30.4,83,,,,,39.87241389
2020-07-21 16:12:49 UTC,757,30.3,83,,,,,39.53447147
2020-07-21 16:14:30 UTC,758,30.3,83,,,,,39.53447147
2020-07-21 16:16:11 UTC,759,30.4,83,,,,,39.87241389
2020-07-21 16:17:53 UTC,760,30.4,83,,,,,39.87241389
2020-07-21 16:19:34 UTC,761,30.3,83,,,,,39.53447147
2020-07-21 16:21:15 UTC,762,30.3,83,,,,,39.53447147
2020-07-21 16:22:57 UTC,763,30.2,83,,,,,39.19946083
2020-07-21 16:24:38 UTC,764,30.2,83,,,,,39.19946083
2020-07-21 16:26:19 UTC,765,30.2,83,,,,,39.19946083
2020-07-21 16:28:00 UTC,766,30.2,83,,,,,39.19946083
2020-07-21 16:29:42 UTC,767,30.2,83,,,,,39.19946083
2020-07-21 16:31:23 UTC,768,30.2,83,,,,,39.19946083
2020-07-21 16:33:04 UTC,769,30.2,83,,,,,39.19946083
2020-07-21 16:34:46 UTC,770,30.3,83,,,,,39.53447147
2020-07-21 16:36:27 UTC,771,30.2,83,,,,,39.19946083
2020-07-21 16:38:08 UTC,772,30.3,83,,,,,39.53447147
2020-07-21 16:39:49 UTC,773,30.3,83,,,,,39.53447147
2020-07-21 16:41:31 UTC,774,30.3,83,,,,,39.53447147
2020-07-21 16:43:12 UTC,775,30.2,83,,,,,39.19946083
2020-07-21 16:44:53 UTC,776,30.3,83,,,,,39.53447147
2020-07-21 16:46:35 UTC,777,30.4,83,,,,,39.87241389
2020-07-21 16:48:16 UTC,778,30.4,83,,,,,39.87241389
2020-07-21 16:49:57 UTC,779,30.4,83,,,,,39.87241389
2020-07-21 16:53:19 UTC,780,30.4,83,,,,,39.87241389
2020-07-21 16:55:01 UTC,781,30.4,83,,,,,39.87241389
2020-07-21 16:58:23 UTC,782,30.4,83,,,,,39.87241389
2020-07-21 17:00:05 UTC,783,30.4,83,,,,,39.87241389
2020-07-21 17:03:27 UTC,784,30.4,82,,,,,39.54919423
2020-07-21 17:05:08 UTC,785,30.4,82,,,,,39.54919423
2020-07-21 17:06:49 UTC,786,30.4,82,,,,,39.54919423
2020-07-21 17:08:30 UTC,787,30.4,82,,,,,39.54919423
2020-07-21 17:10:12 UTC,788,30.4,82,,,,,39.54919423
2020-07-21 17:11:53 UTC,789,30.4,82,,,,,39.54919423
2020-07-21 17:13:34 UTC,790,30.4,82,,,,,39.54919423
2020-07-21 17:15:16 UTC,791,30.4,82,,,,,39.54919423
2020-07-21 17:16:57 UTC,792,30.4,82,,,,,39.54919423
2020-07-21 17:18:38 UTC,793,30.4,82,,,,,39.54919423
2020-07-21 17:20:20 UTC,794,30.3,82,,,,,39.21844796
2020-07-21 17:23:42 UTC,795,30.3,82,,,,,39.21844796
2020-07-21 17:25:23 UTC,796,30.3,82,,,,,39.21844796
2020-07-21 17:28:45 UTC,797,30.2,83,,,,,39.19946083
2020-07-21 17:30:26 UTC,798,30.2,83,,,,,39.19946083
2020-07-21 17:32:07 UTC,799,30.2,83,,,,,39.19946083
2020-07-21 17:33:49 UTC,800,30.2,83,,,,,39.19946083
2020-07-21 17:35:30 UTC,801,30.3,83,,,,,39.53447147
2020-07-21 17:37:11 UTC,802,30.3,83,,,,,39.53447147
2020-07-21 17:38:53 UTC,803,30.3,82,,,,,39.21844796
2020-07-21 17:40:34 UTC,804,30.4,82,,,,,39.54919423
2020-07-21 17:43:56 UTC,805,30.4,82,,,,,39.54919423
2020-07-21 17:45:37 UTC,806,30.4,82,,,,,39.54919423
2020-07-21 17:47:19 UTC,807,30.4,82,,,,,39.54919423
2020-07-21 17:49:00 UTC,808,30.3,82,,,,,39.21844796
2020-07-21 17:50:41 UTC,809,30.3,82,,,,,39.21844796
2020-07-21 17:52:22 UTC,810,30.4,83,,,,,39.87241389
2020-07-21 17:54:04 UTC,811,30.3,83,,,,,39.53447147
2020-07-21 17:55:45 UTC,812,30.3,83,,,,,39.53447147
2020-07-21 17:57:26 UTC,813,30.2,83,,,,,39.19946083
2020-07-21 17:59:08 UTC,814,30.2,83,,,,,39.19946083
2020-07-21 18:00:49 UTC,815,30.2,83,,,,,39.19946083
2020-07-21 18:02:30 UTC,816,30.2,83,,,,,39.19946083
2020-07-21 18:04:11 UTC,817,30.2,83,,,,,39.19946083
2020-07-21 18:05:53 UTC,818,30.2,83,,,,,39.19946083
2020-07-21 18:07:34 UTC,819,30.2,83,,,,,39.19946083
2020-07-21 18:10:56 UTC,820,30.2,83,,,,,39.19946083
2020-07-21 18:12:38 UTC,821,30.1,83,,,,,38.86738198
2020-07-21 18:16:00 UTC,822,30.2,83,,,,,39.19946083
2020-07-21 18:17:41 UTC,823,30.1,83,,,,,38.86738198
2020-07-21 18:19:22 UTC,824,30.2,83,,,,,39.19946083
2020-07-21 18:21:03 UTC,825,30.1,83,,,,,38.86738198
2020-07-21 18:22:45 UTC,826,30.1,83,,,,,38.86738198
2020-07-21 18:24:26 UTC,827,30.1,83,,,,,38.86738198
2020-07-21 18:27:48 UTC,828,30.1,83,,,,,38.86738198
2020-07-21 18:29:29 UTC,829,30.1,83,,,,,38.86738198
2020-07-21 18:31:11 UTC,830,30.1,83,,,,,38.86738198
2020-07-21 18:32:52 UTC,831,30.1,83,,,,,38.86738198
2020-07-21 18:36:14 UTC,832,30.1,83,,,,,38.86738198
2020-07-21 18:39:36 UTC,833,30.1,83,,,,,38.86738198
2020-07-21 18:41:17 UTC,834,30.1,83,,,,,38.86738198
2020-07-21 18:42:58 UTC,835,30.1,83,,,,,38.86738198
2020-07-21 18:44:40 UTC,836,30.1,83,,,,,38.86738198
2020-07-21 18:46:21 UTC,837,30.1,83,,,,,38.86738198
2020-07-21 18:49:43 UTC,838,30.1,83,,,,,38.86738198
2020-07-21 18:51:25 UTC,839,30,83,,,,,38.53823491
2020-07-21 18:53:06 UTC,840,30,83,,,,,38.53823491
2020-07-21 18:54:47 UTC,841,30,83,,,,,38.53823491
2020-07-21 18:56:29 UTC,842,30,83,,,,,38.53823491
2020-07-21 18:58:10 UTC,843,30,83,,,,,38.53823491
2020-07-21 19:01:32 UTC,844,30,83,,,,,38.53823491
2020-07-21 19:03:13 UTC,845,30,83,,,,,38.53823491
2020-07-21 19:06:35 UTC,846,30,82,,,,,38.24360536
2020-07-21 19:08:17 UTC,847,29.7,80,,,,,36.75957257
2020-07-21 19:09:58 UTC,848,29.2,78,,,,,34.84966546
2020-07-21 19:11:39 UTC,849,28.6,74,,,,,32.55050255
2020-07-21 19:13:20 UTC,850,28,72,,,,,30.93569989
2020-07-21 19:15:02 UTC,851,28.2,72,,,,,31.34891547
2020-07-21 19:16:43 UTC,852,27.9,71,,,,,30.60250223
2020-07-21 19:18:24 UTC,853,28,74,,,,,31.2135857
2020-07-21 19:20:06 UTC,854,28.2,72,,,,,31.34891547
2020-07-21 19:21:47 UTC,855,27.9,71,,,,,30.60250223
2020-07-21 19:23:28 UTC,856,27.6,69,,,,,29.80072229
2020-07-21 19:25:10 UTC,857,27.7,72,,,,,30.33513165
2020-07-21 19:26:51 UTC,858,27.8,70,,,,,30.28427866
2020-07-21 19:28:32 UTC,859,27.3,68,,,,,29.18053044
2020-07-21 19:30:14 UTC,860,26.9,69,,,,,28.6105185
2020-07-21 19:31:55 UTC,861,27.4,72,,,,,29.75766957
2020-07-21 19:33:36 UTC,862,27.7,70,,,,,30.09694072
2020-07-21 19:35:18 UTC,863,27.3,66,,,,,28.99416442
2020-07-21 19:36:59 UTC,864,27.2,70,,,,,29.19773947
2020-07-21 19:38:40 UTC,865,27.5,72,,,,,29.94758958
2020-07-21 19:40:21 UTC,866,27.4,68,,,,,29.34828345
2020-07-21 19:42:03 UTC,867,26.9,69,,,,,28.6105185
2020-07-21 19:43:44 UTC,868,27.3,72,,,,,29.57031691
2020-07-21 19:45:25 UTC,869,27.5,70,,,,,29.72976254
2020-07-21 19:47:07 UTC,870,27.1,67,,,,,28.76758902
2020-07-21 19:48:48 UTC,871,27,71,,,,,28.93905698
2020-07-21 19:50:29 UTC,872,27.4,72,,,,,29.75766957
2020-07-21 19:53:51 UTC,873,26.9,70,,,,,28.68820944
2020-07-21 19:55:32 UTC,874,27.2,73,,,,,29.4814004
2020-07-21 19:57:14 UTC,875,27.3,69,,,,,29.27584525
2020-07-21 19:58:55 UTC,876,26.7,70,,,,,28.36101889
2020-07-21 20:00:36 UTC,877,27.1,73,,,,,29.29408546
2020-07-21 20:02:18 UTC,878,27.4,71,,,,,29.65303238
2020-07-21 20:03:59 UTC,879,26.9,68,,,,,28.53382371
2020-07-21 20:05:40 UTC,880,26.9,72,,,,,28.84657977
2020-07-21 20:07:21 UTC,881,27.2,73,,,,,29.4814004
2020-07-21 20:09:03 UTC,882,27.1,69,,,,,28.93825198
2020-07-21 20:10:44 UTC,883,26.9,71,,,,,28.76689653
2020-07-21 20:12:25 UTC,884,27.2,73,,,,,29.4814004
2020-07-21 20:14:07 UTC,885,27.3,70,,,,,29.37258127
2020-07-21 20:15:48 UTC,886,26.9,71,,,,,28.76689653
2020-07-21 20:17:29 UTC,887,27.2,74,,,,,29.57858435
2020-07-21 20:20:51 UTC,888,26.8,71,,,,,28.59726945
2020-07-21 20:24:13 UTC,889,27.3,72,,,,,29.57031691
2020-07-21 20:25:54 UTC,890,26.9,69,,,,,28.6105185
2020-07-21 20:27:36 UTC,891,26.9,73,,,,,28.92725916
2020-07-21 20:29:17 UTC,892,27.2,75,,,,,29.67708345
2020-07-21 20:30:58 UTC,893,27.1,70,,,,,29.0253969
2020-07-21 20:32:39 UTC,894,26.8,72,,,,,28.67206387
2020-07-21 20:34:21 UTC,895,27.1,74,,,,,29.38606623
2020-07-21 20:36:02 UTC,896,27.2,71,,,,,29.29097796
2020-07-21 20:39:25 UTC,897,27,74,,,,,29.19618302
2020-07-21 20:41:06 UTC,898,27.3,74,,,,,29.77373736
2020-07-21 20:42:48 UTC,899,27,70,,,,,28.85555356
2020-07-21 20:44:29 UTC,900,26.9,73,,,,,28.92725916
2020-07-21 20:46:10 UTC,901,27.2,75,,,,,29.67708345
2020-07-21 20:47:51 UTC,902,27.1,71,,,,,29.11375079
2020-07-21 20:49:33 UTC,903,26.9,73,,,,,28.92725916
2020-07-21 20:51:14 UTC,904,27.2,75,,,,,29.67708345
2020-07-21 20:52:56 UTC,905,27.1,71,,,,,29.11375079
2020-07-21 20:54:37 UTC,906,26.9,73,,,,,28.92725916
2020-07-21 20:56:18 UTC,907,27.1,75,,,,,29.47925597
2020-07-21 20:57:59 UTC,908,27.2,73,,,,,29.4814004
2020-07-21 20:59:41 UTC,909,27,72,,,,,29.02366303
2020-07-21 21:01:22 UTC,910,27.3,74,,,,,29.77373736
2020-07-21 21:03:03 UTC,911,27.4,73,,,,,29.86383387
2020-07-21 21:04:45 UTC,912,27.3,71,,,,,29.47073849
2020-07-21 21:06:26 UTC,913,27.3,73,,,,,29.67131654
2020-07-21 21:08:07 UTC,914,27.4,74,,,,,29.97152528
2020-07-21 21:09:48 UTC,915,27.4,72,,,,,29.75766957
2020-07-21 21:11:30 UTC,916,27.2,71,,,,,29.29097796
2020-07-21 21:14:52 UTC,917,27.5,74,,,,,30.1719481
2020-07-21 21:16:33 UTC,918,27.4,71,,,,,29.65303238
2020-07-21 21:18:14 UTC,919,27.3,72,,,,,29.57031691
2020-07-21 21:19:56 UTC,920,27.4,75,,,,,30.0807438
2020-07-21 21:21:37 UTC,921,27.4,71,,,,,29.65303238
2020-07-21 21:24:59 UTC,922,27.5,73,,,,,30.05895241
2020-07-21 21:26:40 UTC,923,27.9,73,,,,,30.86543851
2020-07-21 21:30:02 UTC,924,27.7,71,,,,,30.21511421
2020-07-21 21:31:43 UTC,925,27.7,73,,,,,30.45699306
2020-07-21 21:33:25 UTC,926,27.8,72,,,,,30.53275372
2020-07-21 21:35:06 UTC,927,27.4,71,,,,,29.65303238
2020-07-21 21:36:47 UTC,928,27.2,74,,,,,29.57858435
2020-07-21 21:38:29 UTC,929,27.2,75,,,,,29.67708345
2020-07-21 21:41:51 UTC,930,26.8,74,,,,,28.82432129
2020-07-21 21:43:32 UTC,931,27,76,,,,,29.37311352
2020-07-21 21:46:54 UTC,932,27,72,,,,,29.02366303
2020-07-21 21:50:16 UTC,933,27.3,76,,,,,29.98284263
2020-07-21 21:51:57 UTC,934,27.4,73,,,,,29.86383387
2020-07-21 21:55:19 UTC,935,27,75,,,,,29.28409696
2020-07-21 21:58:41 UTC,936,27,73,,,,,29.10937171
2020-07-21 22:02:03 UTC,937,26.9,77,,,,,29.25993823
2020-07-21 22:03:45 UTC,938,27.1,76,,,,,29.57365468
2020-07-21 22:05:26 UTC,939,26.8,73,,,,,28.74774781
2020-07-21 22:08:48 UTC,940,27,78,,,,,29.55445453
2020-07-21 22:10:29 UTC,941,27.1,75,,,,,29.47925597
2020-07-21 22:13:51 UTC,942,26.6,77,,,,,28.6664657
2020-07-21 22:15:33 UTC,943,27,78,,,,,29.55445453
2020-07-21 22:17:14 UTC,944,27,75,,,,,29.28409696
2020-07-21 22:20:36 UTC,945,26.6,77,,,,,28.6664657
2020-07-21 22:23:58 UTC,946,26.9,75,,,,,29.0916064
2020-07-21 22:25:39 UTC,947,26.6,76,,,,,28.59796767
2020-07-21 22:29:01 UTC,948,27,78,,,,,29.55445453
2020-07-21 22:32:23 UTC,949,26.5,76,,,,,28.4109359
2020-07-21 22:34:04 UTC,950,26.7,78,,,,,28.9361909
2020-07-21 22:35:46 UTC,951,27,79,,,,,29.64677898
2020-07-21 22:37:27 UTC,952,26.9,74,,,,,29.00893471
2020-07-21 22:39:08 UTC,953,26.6,76,,,,,28.59796767
2020-07-21 22:40:49 UTC,954,26.8,78,,,,,29.1395105
2020-07-21 22:42:31 UTC,955,27,78,,,,,29.55445453
2020-07-21 22:44:12 UTC,956,26.9,74,,,,,29.00893471
2020-07-21 22:45:53 UTC,957,26.6,77,,,,,28.6664657
2020-07-21 22:49:16 UTC,958,27.1,78,,,,,29.76607898
2020-07-21 22:50:57 UTC,959,26.9,74,,,,,29.00893471
2020-07-21 22:52:38 UTC,960,26.7,77,,,,,28.86155473
2020-07-21 22:54:19 UTC,961,26.9,78,,,,,29.34559837
2020-07-21 22:57:41 UTC,962,26.6,75,,,,,28.53014549
2020-07-21 22:59:23 UTC,963,26.7,77,,,,,28.86155473
2020-07-21 23:01:04 UTC,964,26.9,78,,,,,29.34559837
2020-07-21 23:02:45 UTC,965,27,75,,,,,29.28409696
2020-07-21 23:04:27 UTC,966,26.6,75,,,,,28.53014549
2020-07-21 23:06:08 UTC,967,26.7,77,,,,,28.86155473
2020-07-21 23:07:49 UTC,968,26.9,78,,,,,29.34559837
2020-07-21 23:11:11 UTC,969,26.5,76,,,,,28.4109359
2020-07-21 23:12:52 UTC,970,26.7,77,,,,,28.86155473
2020-07-21 23:14:34 UTC,971,26.9,79,,,,,29.43225467
2020-07-21 23:16:15 UTC,972,27,76,,,,,29.37311352
2020-07-21 23:17:56 UTC,973,26.6,76,,,,,28.59796767
2020-07-21 23:19:37 UTC,974,26.7,78,,,,,28.9361909
2020-07-21 23:21:19 UTC,975,27,79,,,,,29.64677898
2020-07-21 23:23:00 UTC,976,27,77,,,,,29.46323271
2020-07-21 23:24:41 UTC,977,26.7,76,,,,,28.78770131
2020-07-21 23:28:03 UTC,978,26.9,79,,,,,29.43225467
2020-07-21 23:29:45 UTC,979,27,77,,,,,29.46323271
2020-07-21 23:31:26 UTC,980,26.6,76,,,,,28.59796767
2020-07-21 23:33:07 UTC,981,26.6,78,,,,,28.73563959
2020-07-21 23:34:49 UTC,982,26.8,80,,,,,29.30244227
2020-07-21 23:36:30 UTC,983,27,79,,,,,29.64677898
2020-07-21 23:38:11 UTC,984,26.7,76,,,,,28.78770131
2020-07-21 23:39:52 UTC,985,26.6,78,,,,,28.73563959
2020-07-21 23:41:34 UTC,986,26.7,80,,,,,29.08781155
2020-07-21 23:43:15 UTC,987,26.9,80,,,,,29.51990711
2020-07-21 23:46:37 UTC,988,26.6,78,,,,,28.73563959
2020-07-21 23:48:18 UTC,989,26.7,80,,,,,29.08781155
2020-07-21 23:51:40 UTC,990,26.7,76,,,,,28.78770131
2020-07-21 23:53:21 UTC,991,26.4,78,,,,,28.34284181
2020-07-21 23:55:03 UTC,992,26.6,80,,,,,28.87601494
2020-07-21 23:56:44 UTC,993,26.8,80,,,,,29.30244227
2020-07-21 23:58:25 UTC,994,26.9,78,,,,,29.34559837
2020-07-22 00:00:07 UTC,995,26.5,77,,,,,28.47411183
2020-07-22 00:01:48 UTC,996,26.6,79,,,,,28.80548934
2020-07-22 00:03:29 UTC,997,26.7,80,,,,,29.08781155
2020-07-22 00:06:51 UTC,998,26.6,77,,,,,28.6664657
2020-07-22 00:10:13 UTC,999,26.7,80,,,,,29.08781155
2020-07-22 00:11:55 UTC,1000,26.9,81,,,,,29.6085557
2020-07-22 00:13:36 UTC,1001,26.9,77,,,,,29.25993823
2020-07-22 00:15:17 UTC,1002,26.5,78,,,,,28.53785656
2020-07-22 00:16:58 UTC,1003,26.6,80,,,,,28.87601494
2020-07-22 00:18:40 UTC,1004,26.9,80,,,,,29.51990711
2020-07-22 00:20:21 UTC,1005,27,80,,,,,29.74020606
2020-07-22 00:22:02 UTC,1006,26.6,77,,,,,28.6664657
2020-07-22 00:25:24 UTC,1007,26.8,80,,,,,29.30244227
2020-07-22 00:27:06 UTC,1008,27,81,,,,,29.83473577
2020-07-22 00:28:47 UTC,1009,26.9,78,,,,,29.34559837
2020-07-22 00:30:28 UTC,1010,26.6,79,,,,,28.80548934
2020-07-22 00:32:10 UTC,1011,26.7,80,,,,,29.08781155
2020-07-22 00:33:51 UTC,1012,27,81,,,,,29.83473577
2020-07-22 00:35:32 UTC,1013,27,79,,,,,29.64677898
2020-07-22 00:38:54 UTC,1014,26.6,80,,,,,28.87601494
2020-07-22 00:42:16 UTC,1015,27,81,,,,,29.83473577
2020-07-22 00:43:57 UTC,1016,26.7,77,,,,,28.86155473
2020-07-22 00:45:39 UTC,1017,26.4,79,,,,,28.40165213
2020-07-22 00:47:20 UTC,1018,26.7,80,,,,,29.08781155
2020-07-22 00:49:01 UTC,1019,26.9,80,,,,,29.51990711
2020-07-22 00:50:43 UTC,1020,27,81,,,,,29.83473577
2020-07-22 00:52:24 UTC,1021,26.9,77,,,,,29.25993823
2020-07-22 00:54:05 UTC,1022,26.6,79,,,,,28.80548934
2020-07-22 00:57:27 UTC,1023,27,81,,,,,29.83473577
2020-07-22 00:59:09 UTC,1024,27.1,81,,,,,30.06378265
2020-07-22 01:02:30 UTC,1025,26.6,80,,,,,28.87601494
2020-07-22 01:05:52 UTC,1026,27,81,,,,,29.83473577
2020-07-22 01:07:34 UTC,1027,27.2,80,,,,,30.1893063
2020-07-22 01:09:15 UTC,1028,26.8,79,,,,,29.22053162
2020-07-22 01:12:37 UTC,1029,27,81,,,,,29.83473577
2020-07-22 01:14:18 UTC,1030,27.2,82,,,,,30.40340153
2020-07-22 01:16:00 UTC,1031,27.1,78,,,,,29.76607898
2020-07-22 01:17:41 UTC,1032,26.8,80,,,,,29.30244227
2020-07-22 01:19:22 UTC,1033,26.9,81,,,,,29.6085557
2020-07-22 01:21:03 UTC,1034,27.2,81,,,,,30.29569634
2020-07-22 01:22:45 UTC,1035,27.3,80,,,,,30.41810759
2020-07-22 01:24:26 UTC,1036,26.9,78,,,,,29.34559837
2020-07-22 01:26:07 UTC,1037,26.9,80,,,,,29.51990711
2020-07-22 01:29:29 UTC,1038,27.3,81,,,,,30.53047684
2020-07-22 01:31:10 UTC,1039,27.2,78,,,,,29.9804717
2020-07-22 01:32:52 UTC,1040,26.9,79,,,,,29.43225467
2020-07-22 01:34:33 UTC,1041,27,81,,,,,29.83473577
2020-07-22 01:37:55 UTC,1042,26.9,79,,,,,29.43225467
2020-07-22 01:39:36 UTC,1043,26.5,79,,,,,28.6021701
2020-07-22 01:41:18 UTC,1044,26.6,81,,,,,28.9472164
2020-07-22 01:42:59 UTC,1045,26.7,82,,,,,29.24256325
2020-07-22 01:44:40 UTC,1046,27,82,,,,,29.9303681
2020-07-22 01:46:21 UTC,1047,26.9,79,,,,,29.43225467
2020-07-22 01:48:03 UTC,1048,26.6,80,,,,,28.87601494
2020-07-22 01:49:44 UTC,1049,26.7,81,,,,,29.16479602
2020-07-22 01:51:25 UTC,1050,26.9,82,,,,,29.69820045
2020-07-22 01:53:07 UTC,1051,27.1,82,,,,,30.16543513
2020-07-22 01:56:29 UTC,1052,26.6,81,,,,,28.9472164
2020-07-22 01:58:10 UTC,1053,27,80,,,,,29.74020606
2020-07-22 02:01:32 UTC,1054,27.5,79,,,,,30.76141961
2020-07-22 02:03:13 UTC,1055,27.7,79,,,,,31.22688474
2020-07-22 02:04:55 UTC,1056,27.7,78,,,,,31.09395955
2020-07-22 02:06:36 UTC,1057,27.9,79,,,,,31.70355495
2020-07-22 02:08:17 UTC,1058,27.9,78,,,,,31.55873267
2020-07-22 02:09:58 UTC,1059,27.9,79,,,,,31.70355495
2020-07-22 02:11:40 UTC,1060,28,80,,,,,32.0990718
2020-07-22 02:13:21 UTC,1061,28,80,,,,,32.0990718
2020-07-22 02:15:02 UTC,1062,28,80,,,,,32.0990718
2020-07-22 02:16:44 UTC,1063,28.1,80,,,,,32.350546
2020-07-22 02:18:25 UTC,1064,28.1,80,,,,,32.350546
2020-07-22 02:27:43 UTC,1065,28,80,,,,,32.0990718
2020-07-22 02:29:24 UTC,1066,28.4,81,,,,,33.30227212
2020-07-22 02:31:06 UTC,1067,28.4,82,,,,,33.48514924
2020-07-22 02:32:47 UTC,1068,28.4,83,,,,,33.67060464
2020-07-22 02:34:28 UTC,1069,28.3,84,,,,,33.57267927
2020-07-22 02:36:10 UTC,1070,28.3,84,,,,,33.57267927
2020-07-22 02:37:51 UTC,1071,28.3,85,,,,,33.75653441
2020-07-22 02:41:13 UTC,1072,28.3,85,,,,,33.75653441
2020-07-22 02:42:54 UTC,1073,28.3,85,,,,,33.75653441
2020-07-22 02:46:16 UTC,1074,28.7,84,,,,,34.73429982
2020-07-22 02:47:58 UTC,1075,29.1,84,,,,,35.94334527
2020-07-22 02:49:39 UTC,1076,29.4,84,,,,,36.88125195
2020-07-22 02:51:20 UTC,1077,29,83,,,,,35.40801244
2020-07-22 02:53:01 UTC,1078,28.6,84,,,,,34.4394486
2020-07-22 02:54:43 UTC,1079,28.6,85,,,,,34.64367055
2020-07-22 02:56:24 UTC,1080,28.6,85,,,,,34.64367055
2020-07-22 02:58:05 UTC,1081,28.5,85,,,,,34.34496232
2020-07-22 02:59:47 UTC,1082,28.5,85,,,,,34.34496232
2020-07-22 03:01:28 UTC,1083,28.5,85,,,,,34.34496232
2020-07-22 03:03:09 UTC,1084,28.5,85,,,,,34.34496232
2020-07-22 03:04:50 UTC,1085,28.6,85,,,,,34.64367055
2020-07-22 03:08:12 UTC,1086,28.6,85,,,,,34.64367055
2020-07-22 03:09:54 UTC,1087,28.6,85,,,,,34.64367055
2020-07-22 03:11:35 UTC,1088,28.6,85,,,,,34.64367055
2020-07-22 03:13:16 UTC,1089,28.6,85,,,,,34.64367055
2020-07-22 03:14:58 UTC,1090,28.7,85,,,,,34.94537497
2020-07-22 03:18:20 UTC,1091,28.7,84,,,,,34.73429982
2020-07-22 03:21:42 UTC,1092,29,84,,,,,35.63663782
2020-07-22 03:23:23 UTC,1093,29,85,,,,,35.86846531
2020-07-22 03:25:04 UTC,1094,29.1,84,,,,,35.94334527
2020-07-22 03:28:26 UTC,1095,28.7,82,,,,,34.32082202
2020-07-22 03:30:08 UTC,1096,28.6,82,,,,,34.03936506
2020-07-22 03:31:49 UTC,1097,28.7,82,,,,,34.32082202
2020-07-22 03:33:30 UTC,1098,28.7,82,,,,,34.32082202
2020-07-22 03:35:12 UTC,1099,28.7,81,,,,,34.11841938
2020-07-22 03:38:34 UTC,1100,28.7,81,,,,,34.11841938
2020-07-22 03:40:15 UTC,1101,28.7,81,,,,,34.11841938
2020-07-22 03:41:56 UTC,1102,28.7,81,,,,,34.11841938
2020-07-22 03:43:37 UTC,1103,28.9,81,,,,,34.67685162
2020-07-22 03:45:19 UTC,1104,28.9,81,,,,,34.67685162
2020-07-22 03:47:00 UTC,1105,28.9,81,,,,,34.67685162
2020-07-22 03:48:41 UTC,1106,28.9,81,,,,,34.67685162
2020-07-22 03:52:03 UTC,1107,29.3,81,,,,,35.82811787
2020-07-22 03:53:45 UTC,1108,29.4,81,,,,,36.12310147
2020-07-22 03:57:07 UTC,1109,29,82,,,,,35.18258915
2020-07-22 03:58:48 UTC,1110,29,82,,,,,35.18258915
2020-07-22 04:00:29 UTC,1111,29,82,,,,,35.18258915
2020-07-22 04:03:51 UTC,1112,28.9,81,,,,,34.67685162
2020-07-22 04:05:32 UTC,1113,28.9,81,,,,,34.67685162
2020-07-22 04:07:14 UTC,1114,28.9,81,,,,,34.67685162
2020-07-22 04:08:55 UTC,1115,29,82,,,,,35.18258915
2020-07-22 04:10:36 UTC,1116,29,82,,,,,35.18258915
2020-07-22 04:12:17 UTC,1117,29,81,,,,,34.96036796
2020-07-22 04:13:59 UTC,1118,29,81,,,,,34.96036796
2020-07-22 04:15:40 UTC,1119,29,81,,,,,34.96036796
2020-07-22 04:17:21 UTC,1120,29.1,81,,,,,35.24675112
2020-07-22 04:19:03 UTC,1121,29.2,81,,,,,35.53600109
2020-07-22 04:22:25 UTC,1122,29.2,81,,,,,35.53600109
2020-07-22 04:24:06 UTC,1123,29.2,81,,,,,35.53600109
2020-07-22 04:25:47 UTC,1124,29.2,81,,,,,35.53600109
2020-07-22 04:27:28 UTC,1125,29.3,81,,,,,35.82811787
2020-07-22 04:30:50 UTC,1126,29.3,81,,,,,35.82811787
2020-07-22 04:32:32 UTC,1127,29.3,81,,,,,35.82811787
2020-07-22 04:41:10 UTC,1128,29,82,,,,,35.18258915
2020-07-22 04:42:51 UTC,1129,29.2,82,,,,,35.77159742
2020-07-22 04:44:32 UTC,1130,29.2,81,,,,,35.53600109
2020-07-22 04:46:14 UTC,1131,29.2,82,,,,,35.77159742
2020-07-22 04:49:36 UTC,1132,29.2,81,,,,,35.53600109
2020-07-22 04:51:17 UTC,1133,29.2,81,,,,,35.53600109
2020-07-22 04:52:58 UTC,1134,29.2,81,,,,,35.53600109
2020-07-22 04:54:39 UTC,1135,29.2,81,,,,,35.53600109
2020-07-22 04:56:21 UTC,1136,29.2,81,,,,,35.53600109
2020-07-22 04:58:02 UTC,1137,29.2,81,,,,,35.53600109
2020-07-22 04:59:43 UTC,1138,29.3,80,,,,,35.58929721
2020-07-22 05:01:25 UTC,1139,29.4,80,,,,,35.87761488
2020-07-22 05:03:06 UTC,1140,29.4,81,,,,,36.12310147
2020-07-22 05:04:47 UTC,1141,29.4,80,,,,,35.87761488
2020-07-22 05:06:29 UTC,1142,29.4,80,,,,,35.87761488
2020-07-22 05:09:51 UTC,1143,29.4,81,,,,,36.12310147
2020-07-22 05:11:32 UTC,1144,29.4,81,,,,,36.12310147
2020-07-22 05:13:13 UTC,1145,29.4,81,,,,,36.12310147
2020-07-22 05:14:54 UTC,1146,29.5,80,,,,,36.16876666
2020-07-22 05:16:36 UTC,1147,29.6,80,,,,,36.46275256
2020-07-22 05:18:17 UTC,1148,29.6,81,,,,,36.7216691
2020-07-22 05:19:58 UTC,1149,29.5,81,,,,,36.42095188
2020-07-22 05:21:40 UTC,1150,29.5,81,,,,,36.42095188
2020-07-22 05:23:21 UTC,1151,29.6,80,,,,,36.46275256
2020-07-22 05:25:02 UTC,1152,29.6,81,,,,,36.7216691
2020-07-22 05:26:43 UTC,1153,29.6,81,,,,,36.7216691
2020-07-22 05:28:25 UTC,1154,29.7,81,,,,,37.02525314
2020-07-22 05:30:06 UTC,1155,29.7,81,,,,,37.02525314
2020-07-22 05:31:47 UTC,1156,29.6,81,,,,,36.7216691
2020-07-22 05:33:29 UTC,1157,29.6,80,,,,,36.46275256
2020-07-22 05:35:10 UTC,1158,29.5,80,,,,,36.16876666
2020-07-22 05:36:51 UTC,1159,29.5,80,,,,,36.16876666
2020-07-22 05:38:33 UTC,1160,29.5,80,,,,,36.16876666
2020-07-22 05:40:14 UTC,1161,29.5,80,,,,,36.16876666
2020-07-22 05:41:55 UTC,1162,29.5,80,,,,,36.16876666
2020-07-22 05:43:36 UTC,1163,29.5,80,,,,,36.16876666
2020-07-22 05:46:58 UTC,1164,29.6,80,,,,,36.46275256
2020-07-22 05:48:40 UTC,1165,29.5,80,,,,,36.16876666
2020-07-22 05:50:21 UTC,1166,29.5,80,,,,,36.16876666
2020-07-22 05:52:02 UTC,1167,29.5,80,,,,,36.16876666
2020-07-22 05:53:44 UTC,1168,29.5,80,,,,,36.16876666
2020-07-22 05:55:25 UTC,1169,29.5,80,,,,,36.16876666
2020-07-22 05:57:06 UTC,1170,29.5,80,,,,,36.16876666
2020-07-22 05:58:47 UTC,1171,29.5,80,,,,,36.16876666
2020-07-22 06:02:09 UTC,1172,29.5,80,,,,,36.16876666
2020-07-22 06:03:51 UTC,1173,29.5,80,,,,,36.16876666
2020-07-22 06:07:13 UTC,1174,29.5,80,,,,,36.16876666
2020-07-22 06:10:35 UTC,1175,29.7,79,,,,,36.49781537
2020-07-22 06:12:16 UTC,1176,29.7,79,,,,,36.49781537
2020-07-22 06:13:57 UTC,1177,29.6,79,,,,,36.20765678
2020-07-22 06:15:39 UTC,1178,29.6,79,,,,,36.20765678
2020-07-22 06:17:20 UTC,1179,29.6,80,,,,,36.46275256
2020-07-22 06:19:01 UTC,1180,29.6,80,,,,,36.46275256
2020-07-22 06:20:42 UTC,1181,29.6,80,,,,,36.46275256
2020-07-22 06:22:24 UTC,1182,29.7,80,,,,,36.75957257
2020-07-22 06:24:05 UTC,1183,29.7,80,,,,,36.75957257
2020-07-22 06:25:46 UTC,1184,29.7,80,,,,,36.75957257
2020-07-22 06:27:28 UTC,1185,29.6,80,,,,,36.46275256
2020-07-22 06:29:09 UTC,1186,29.7,80,,,,,36.75957257
2020-07-22 06:30:51 UTC,1187,29.7,80,,,,,36.75957257
2020-07-22 06:32:32 UTC,1188,29.6,80,,,,,36.46275256
2020-07-22 06:34:13 UTC,1189,29.7,80,,,,,36.75957257
2020-07-22 06:35:54 UTC,1190,29.7,80,,,,,36.75957257
2020-07-22 06:37:36 UTC,1191,29.7,80,,,,,36.75957257
2020-07-22 06:39:17 UTC,1192,29.8,80,,,,,37.05922669
2020-07-22 06:40:59 UTC,1193,29.8,80,,,,,37.05922669
2020-07-22 06:42:40 UTC,1194,29.8,79,,,,,36.79077523
2020-07-22 06:44:21 UTC,1195,29.8,79,,,,,36.79077523
2020-07-22 06:46:03 UTC,1196,29.8,79,,,,,36.79077523
2020-07-22 06:47:44 UTC,1197,29.8,79,,,,,36.79077523
2020-07-22 06:49:25 UTC,1198,29.8,79,,,,,36.79077523
2020-07-22 06:51:06 UTC,1199,29.8,79,,,,,36.79077523
2020-07-22 06:52:48 UTC,1200,29.8,79,,,,,36.79077523
2020-07-22 06:54:29 UTC,1201,29.8,79,,,,,36.79077523
2020-07-22 06:56:10 UTC,1202,29.8,78,,,,,36.5263496
2020-07-22 06:57:52 UTC,1203,29.9,78,,,,,36.81548595
2020-07-22 06:59:33 UTC,1204,29.9,77,,,,,36.54856371
2020-07-22 07:01:14 UTC,1205,29.8,77,,,,,36.26594982
2020-07-22 07:02:56 UTC,1206,29.8,77,,,,,36.26594982
2020-07-22 07:04:37 UTC,1207,29.8,77,,,,,36.26594982
2020-07-22 07:06:18 UTC,1208,29.9,77,,,,,36.54856371
2020-07-22 07:08:00 UTC,1209,29.9,77,,,,,36.54856371
2020-07-22 07:09:41 UTC,1210,29.9,77,,,,,36.54856371
2020-07-22 07:11:22 UTC,1211,29.9,78,,,,,36.81548595
2020-07-22 07:14:44 UTC,1212,30,76,,,,,36.56466526
2020-07-22 07:16:26 UTC,1213,30,76,,,,,36.56466526
2020-07-22 07:18:07 UTC,1214,30,76,,,,,36.56466526
2020-07-22 07:19:48 UTC,1215,30,76,,,,,36.56466526
2020-07-22 07:21:30 UTC,1216,30,75,,,,,36.29964811
2020-07-22 07:23:11 UTC,1217,30.1,75,,,,,36.57486096
2020-07-22 07:24:52 UTC,1218,30.1,76,,,,,36.84626276
2020-07-22 07:26:34 UTC,1219,30,76,,,,,36.56466526
2020-07-22 07:28:15 UTC,1220,30,76,,,,,36.56466526
2020-07-22 07:29:56 UTC,1221,30,76,,,,,36.56466526
2020-07-22 07:31:38 UTC,1222,30.1,76,,,,,36.84626276
2020-07-22 07:33:19 UTC,1223,30.1,76,,,,,36.84626276
2020-07-22 07:36:41 UTC,1224,30.1,76,,,,,36.84626276
2020-07-22 07:40:03 UTC,1225,30.2,76,,,,,37.13056214
2020-07-22 07:43:25 UTC,1226,30.3,77,,,,,37.70637076
2020-07-22 07:46:47 UTC,1227,30.3,78,,,,,37.99971415
2020-07-22 07:48:28 UTC,1228,30.3,78,,,,,37.99971415
2020-07-22 07:50:10 UTC,1229,30.3,77,,,,,37.70637076
2020-07-22 07:51:51 UTC,1230,30.3,77,,,,,37.70637076
2020-07-22 07:53:32 UTC,1231,30.4,77,,,,,38.00266041
2020-07-22 07:55:14 UTC,1232,30.3,77,,,,,37.70637076
2020-07-22 07:56:55 UTC,1233,30.3,76,,,,,37.4175634
2020-07-22 07:58:36 UTC,1234,30.3,76,,,,,37.4175634
2020-07-22 08:00:18 UTC,1235,30.2,76,,,,,37.13056214
2020-07-22 08:01:59 UTC,1236,30.3,76,,,,,37.4175634
2020-07-22 08:03:40 UTC,1237,30.3,76,,,,,37.4175634
2020-07-22 08:05:22 UTC,1238,30.3,76,,,,,37.4175634
2020-07-22 08:07:03 UTC,1239,30.3,76,,,,,37.4175634
2020-07-22 08:10:25 UTC,1240,30.3,75,,,,,37.13329205
2020-07-22 08:12:06 UTC,1241,30.4,75,,,,,37.41651029
2020-07-22 08:13:48 UTC,1242,30.4,75,,,,,37.41651029
2020-07-22 08:15:29 UTC,1243,30.4,75,,,,,37.41651029
2020-07-22 08:17:10 UTC,1244,30.4,75,,,,,37.41651029
2020-07-22 08:18:55 UTC,1245,30.3,75,,,,,37.13329205
2020-07-22 08:20:37 UTC,1246,30.3,75,,,,,37.13329205
2020-07-22 08:22:18 UTC,1247,30.4,75,,,,,37.41651029
2020-07-22 08:23:59 UTC,1248,30.4,75,,,,,37.41651029
2020-07-22 08:25:41 UTC,1249,30.4,75,,,,,37.41651029
2020-07-22 08:29:03 UTC,1250,30.4,75,,,,,37.41651029
2020-07-22 08:32:25 UTC,1251,30.4,75,,,,,37.41651029
2020-07-22 08:34:06 UTC,1252,30.4,75,,,,,37.41651029
2020-07-22 08:35:47 UTC,1253,30.4,75,,,,,37.41651029
2020-07-22 08:37:29 UTC,1254,30.4,76,,,,,37.70726653
2020-07-22 08:39:10 UTC,1255,30.4,76,,,,,37.70726653
2020-07-22 08:40:52 UTC,1256,30.4,76,,,,,37.70726653
2020-07-22 08:42:33 UTC,1257,30.4,76,,,,,37.70726653
2020-07-22 08:44:14 UTC,1258,30.5,75,,,,,37.70239699
2020-07-22 08:47:36 UTC,1259,30.6,75,,,,,37.99095214
2020-07-22 08:50:58 UTC,1260,30.5,75,,,,,37.70239699
2020-07-22 08:52:39 UTC,1261,30.5,75,,,,,37.70239699
2020-07-22 08:56:02 UTC,1262,30.5,75,,,,,37.70239699
2020-07-22 08:59:24 UTC,1263,30.5,75,,,,,37.70239699
2020-07-22 09:01:05 UTC,1264,30.5,75,,,,,37.70239699
2020-07-22 09:02:46 UTC,1265,30.5,76,,,,,37.99967155
2020-07-22 09:04:27 UTC,1266,30.5,76,,,,,37.99967155
2020-07-22 09:07:49 UTC,1267,30.5,76,,,,,37.99967155
2020-07-22 09:11:11 UTC,1268,30.7,76,,,,,38.59258721
2020-07-22 09:12:53 UTC,1269,30.7,76,,,,,38.59258721
2020-07-22 09:14:34 UTC,1270,30.7,76,,,,,38.59258721
2020-07-22 09:17:56 UTC,1271,30.7,76,,,,,38.59258721
2020-07-22 09:19:38 UTC,1272,30.7,76,,,,,38.59258721
2020-07-22 09:21:19 UTC,1273,30.7,75,,,,,38.28217576
2020-07-22 09:24:41 UTC,1274,30.7,75,,,,,38.28217576
2020-07-22 09:26:22 UTC,1275,30.7,76,,,,,38.59258721
2020-07-22 09:28:04 UTC,1276,30.7,76,,,,,38.59258721
2020-07-22 09:29:45 UTC,1277,30.7,76,,,,,38.59258721
2020-07-22 09:31:26 UTC,1278,30.7,76,,,,,38.59258721
2020-07-22 09:33:08 UTC,1279,30.7,75,,,,,38.28217576
2020-07-22 09:34:49 UTC,1280,30.7,75,,,,,38.28217576
2020-07-22 09:36:30 UTC,1281,30.7,75,,,,,38.28217576
2020-07-22 09:38:11 UTC,1282,30.7,75,,,,,38.28217576
2020-07-22 09:39:53 UTC,1283,30.8,74,,,,,38.26408045
2020-07-22 09:41:34 UTC,1284,30.8,74,,,,,38.26408045
2020-07-22 09:43:15 UTC,1285,30.8,74,,,,,38.26408045
2020-07-22 09:44:57 UTC,1286,30.8,74,,,,,38.26408045
2020-07-22 09:46:38 UTC,1287,30.8,74,,,,,38.26408045
2020-07-22 09:48:19 UTC,1288,30.9,75,,,,,38.87262838
2020-07-22 09:51:41 UTC,1289,30.9,75,,,,,38.87262838
2020-07-22 09:53:23 UTC,1290,30.9,75,,,,,38.87262838
2020-07-22 09:55:04 UTC,1291,30.9,75,,,,,38.87262838
2020-07-22 09:56:45 UTC,1292,30.9,75,,,,,38.87262838
2020-07-22 09:58:27 UTC,1293,30.9,75,,,,,38.87262838
2020-07-22 10:00:08 UTC,1294,30.9,74,,,,,38.5540899
2020-07-22 10:03:30 UTC,1295,30.9,74,,,,,38.5540899
2020-07-22 10:05:11 UTC,1296,30.9,74,,,,,38.5540899
2020-07-22 10:06:57 UTC,1297,31.1,75,,,,,39.47375485
2020-07-22 10:08:38 UTC,1298,31,75,,,,,39.17185739
2020-07-22 10:10:20 UTC,1299,31,75,,,,,39.17185739
2020-07-22 10:12:01 UTC,1300,31.2,74,,,,,39.43992764
2020-07-22 10:13:43 UTC,1301,31.2,74,,,,,39.43992764
2020-07-22 10:15:24 UTC,1302,31.1,74,,,,,39.14201349
2020-07-22 10:17:05 UTC,1303,31,75,,,,,39.17185739
2020-07-22 10:18:47 UTC,1304,31,75,,,,,39.17185739
2020-07-22 10:20:28 UTC,1305,31,75,,,,,39.17185739
2020-07-22 10:22:09 UTC,1306,31,75,,,,,39.17185739
2020-07-22 10:25:31 UTC,1307,30.9,74,,,,,38.5540899
2020-07-22 10:27:12 UTC,1308,30.9,74,,,,,38.5540899
2020-07-22 10:28:54 UTC,1309,30.9,74,,,,,38.5540899
2020-07-22 10:30:35 UTC,1310,30.9,74,,,,,38.5540899
2020-07-22 10:32:16 UTC,1311,31,75,,,,,39.17185739
2020-07-22 10:33:58 UTC,1312,31.1,75,,,,,39.47375485
2020-07-22 10:37:20 UTC,1313,31.1,75,,,,,39.47375485
2020-07-22 10:39:01 UTC,1314,31.1,75,,,,,39.47375485
2020-07-22 10:40:42 UTC,1315,31.1,76,,,,,39.81084107
2020-07-22 10:42:24 UTC,1316,31.1,75,,,,,39.47375485
2020-07-22 10:44:05 UTC,1317,31.2,75,,,,,39.77832078
2020-07-22 10:45:46 UTC,1318,31.2,75,,,,,39.77832078
2020-07-22 10:47:28 UTC,1319,31.2,75,,,,,39.77832078
2020-07-22 10:49:09 UTC,1320,31.2,75,,,,,39.77832078
2020-07-22 10:50:50 UTC,1321,31.2,75,,,,,39.77832078
2020-07-22 10:52:32 UTC,1322,31.2,75,,,,,39.77832078
2020-07-22 10:54:13 UTC,1323,31.2,75,,,,,39.77832078
2020-07-22 10:55:54 UTC,1324,31.2,75,,,,,39.77832078
2020-07-22 10:57:35 UTC,1325,31.2,75,,,,,39.77832078
2020-07-22 10:59:17 UTC,1326,31.2,76,,,,,40.12215924
2020-07-22 11:00:58 UTC,1327,31.1,76,,,,,39.81084107
2020-07-22 11:02:39 UTC,1328,31.1,76,,,,,39.81084107
2020-07-22 11:06:01 UTC,1329,31.2,75,,,,,39.77832078
2020-07-22 11:07:43 UTC,1330,31.2,75,,,,,39.77832078
2020-07-22 11:09:24 UTC,1331,31.2,75,,,,,39.77832078
2020-07-22 11:12:46 UTC,1332,31.2,75,,,,,39.77832078
2020-07-22 11:14:27 UTC,1333,31.2,75,,,,,39.77832078
2020-07-22 11:16:09 UTC,1334,31.2,75,,,,,39.77832078
2020-07-22 11:17:50 UTC,1335,31.2,75,,,,,39.77832078
2020-07-22 11:19:31 UTC,1336,31.2,75,,,,,39.77832078
2020-07-22 11:21:12 UTC,1337,31.2,74,,,,,39.43992764
2020-07-22 11:22:54 UTC,1338,31.2,74,,,,,39.43992764
2020-07-22 11:24:35 UTC,1339,31.2,75,,,,,39.77832078
2020-07-22 11:26:16 UTC,1340,31.2,74,,,,,39.43992764
2020-07-22 11:27:58 UTC,1341,31.2,74,,,,,39.43992764
2020-07-22 11:29:39 UTC,1342,31.2,74,,,,,39.43992764
2020-07-22 11:31:20 UTC,1343,31.3,74,,,,,39.74047669
2020-07-22 11:33:02 UTC,1344,31.3,74,,,,,39.74047669
2020-07-22 11:34:43 UTC,1345,31.3,74,,,,,39.74047669
2020-07-22 11:36:24 UTC,1346,31.3,73,,,,,39.40094386
2020-07-22 11:38:06 UTC,1347,31.3,73,,,,,39.40094386
2020-07-22 11:41:28 UTC,1348,31.4,73,,,,,39.69750908
2020-07-22 11:43:09 UTC,1349,31.4,73,,,,,39.69750908
2020-07-22 11:44:50 UTC,1350,31.4,73,,,,,39.69750908
2020-07-22 11:46:32 UTC,1351,31.4,73,,,,,39.69750908
2020-07-22 11:48:13 UTC,1352,31.4,72,,,,,39.35700335
2020-07-22 11:49:54 UTC,1353,31.4,72,,,,,39.35700335
2020-07-22 11:51:35 UTC,1354,31.4,72,,,,,39.35700335
2020-07-22 11:54:57 UTC,1355,31.4,71,,,,,39.02214342
2020-07-22 11:58:20 UTC,1356,31.4,72,,,,,39.35700335
2020-07-22 12:01:42 UTC,1357,31.4,72,,,,,39.35700335
2020-07-22 12:05:04 UTC,1358,31.4,72,,,,,39.35700335
2020-07-22 12:06:45 UTC,1359,31.4,72,,,,,39.35700335
2020-07-22 12:08:26 UTC,1360,31.4,72,,,,,39.35700335
2020-07-22 12:10:07 UTC,1361,31.4,72,,,,,39.35700335
2020-07-22 12:11:49 UTC,1362,31.4,72,,,,,39.35700335
2020-07-22 12:13:30 UTC,1363,31.4,72,,,,,39.35700335
2020-07-22 12:15:11 UTC,1364,31.5,72,,,,,39.64961737
2020-07-22 12:16:53 UTC,1365,31.5,72,,,,,39.64961737
2020-07-22 12:18:34 UTC,1366,31.5,72,,,,,39.64961737
2020-07-22 12:20:15 UTC,1367,31.5,72,,,,,39.64961737
2020-07-22 12:21:57 UTC,1368,31.5,73,,,,,39.99667551
2020-07-22 12:23:38 UTC,1369,31.4,73,,,,,39.69750908
2020-07-22 12:25:19 UTC,1370,31.4,73,,,,,39.69750908
2020-07-22 12:27:00 UTC,1371,31.4,73,,,,,39.69750908
2020-07-22 12:28:42 UTC,1372,31.4,73,,,,,39.69750908
2020-07-22 12:30:23 UTC,1373,31.4,74,,,,,40.04366064
2020-07-22 12:32:04 UTC,1374,31.4,73,,,,,39.69750908
2020-07-22 12:33:45 UTC,1375,31.4,73,,,,,39.69750908
2020-07-22 12:35:27 UTC,1376,31.5,74,,,,,40.34947949
2020-07-22 12:37:08 UTC,1377,31.5,74,,,,,40.34947949
2020-07-22 12:38:49 UTC,1378,31.6,74,,,,,40.65793324
2020-07-22 12:40:31 UTC,1379,31.6,74,,,,,40.65793324
2020-07-22 12:42:12 UTC,1380,31.6,74,,,,,40.65793324
2020-07-22 12:43:53 UTC,1381,31.6,74,,,,,40.65793324
2020-07-22 12:47:15 UTC,1382,31.6,74,,,,,40.65793324
2020-07-22 12:48:57 UTC,1383,31.6,74,,,,,40.65793324
2020-07-22 12:50:38 UTC,1384,31.6,74,,,,,40.65793324
2020-07-22 12:54:00 UTC,1385,31.7,74,,,,,40.9690219
2020-07-22 12:55:41 UTC,1386,31.7,73,,,,,40.60281195
2020-07-22 12:57:22 UTC,1387,31.7,73,,,,,40.60281195
2020-07-22 12:59:04 UTC,1388,31.7,73,,,,,40.60281195
2020-07-22 13:00:45 UTC,1389,31.7,73,,,,,40.60281195
2020-07-22 13:02:26 UTC,1390,31.7,73,,,,,40.60281195
2020-07-22 13:04:08 UTC,1391,31.7,73,,,,,40.60281195
2020-07-22 13:05:49 UTC,1392,31.7,73,,,,,40.60281195
2020-07-22 13:07:30 UTC,1393,31.7,72,,,,,40.24254748
2020-07-22 13:10:52 UTC,1394,31.7,73,,,,,40.60281195
2020-07-22 13:12:33 UTC,1395,31.7,73,,,,,40.60281195
2020-07-22 13:14:15 UTC,1396,31.7,73,,,,,40.60281195
2020-07-22 13:15:56 UTC,1397,31.7,73,,,,,40.60281195
2020-07-22 13:19:18 UTC,1398,31.7,73,,,,,40.60281195
2020-07-22 13:20:59 UTC,1399,31.7,73,,,,,40.60281195
2020-07-22 13:22:41 UTC,1400,31.7,73,,,,,40.60281195
2020-07-22 13:24:22 UTC,1401,31.6,73,,,,,40.29844313
2020-07-22 13:26:03 UTC,1402,31.6,73,,,,,40.29844313
2020-07-22 13:27:44 UTC,1403,31.7,73,,,,,40.60281195
2020-07-22 13:29:26 UTC,1404,31.7,73,,,,,40.60281195
2020-07-22 13:31:07 UTC,1405,31.6,73,,,,,40.29844313
2020-07-22 13:32:48 UTC,1406,31.6,74,,,,,40.65793324
2020-07-22 13:34:30 UTC,1407,31.6,74,,,,,40.65793324
2020-07-22 13:36:11 UTC,1408,31.6,74,,,,,40.65793324
2020-07-22 13:37:52 UTC,1409,31.6,74,,,,,40.65793324
2020-07-22 13:39:33 UTC,1410,31.6,74,,,,,40.65793324
2020-07-22 13:41:15 UTC,1411,31.6,74,,,,,40.65793324
2020-07-22 13:42:56 UTC,1412,31.6,74,,,,,40.65793324
2020-07-22 13:46:18 UTC,1413,31.6,75,,,,,41.02326909
2020-07-22 13:47:59 UTC,1414,31.6,75,,,,,41.02326909
2020-07-22 13:49:41 UTC,1415,31.7,75,,,,,41.34117732
2020-07-22 13:51:22 UTC,1416,31.7,75,,,,,41.34117732
2020-07-22 13:53:03 UTC,1417,31.7,75,,,,,41.34117732
2020-07-22 13:54:44 UTC,1418,31.7,75,,,,,41.34117732
2020-07-22 13:56:26 UTC,1419,31.7,74,,,,,40.9690219
2020-07-22 13:59:48 UTC,1420,31.7,74,,,,,40.9690219
2020-07-22 14:03:10 UTC,1421,31.7,74,,,,,40.9690219
2020-07-22 14:04:51 UTC,1422,31.7,74,,,,,40.9690219
2020-07-22 14:06:32 UTC,1423,31.7,74,,,,,40.9690219
2020-07-22 14:08:14 UTC,1424,31.7,74,,,,,40.9690219
2020-07-22 14:09:55 UTC,1425,31.7,74,,,,,40.9690219
2020-07-22 14:11:36 UTC,1426,31.6,74,,,,,40.65793324
2020-07-22 14:13:18 UTC,1427,31.7,75,,,,,41.34117732
2020-07-22 14:16:40 UTC,1428,31.7,75,,,,,41.34117732
2020-07-22 14:18:21 UTC,1429,31.7,76,,,,,41.71927821
2020-07-22 14:20:02 UTC,1430,31.7,76,,,,,41.71927821
2020-07-22 14:21:44 UTC,1431,31.8,76,,,,,42.04680764
2020-07-22 14:23:25 UTC,1432,31.7,76,,,,,41.71927821
2020-07-22 14:25:06 UTC,1433,31.7,76,,,,,41.71927821
2020-07-22 14:26:48 UTC,1434,31.7,76,,,,,41.71927821
2020-07-22 14:28:29 UTC,1435,31.7,76,,,,,41.71927821
2020-07-22 14:30:10 UTC,1436,31.7,76,,,,,41.71927821
2020-07-22 14:33:32 UTC,1437,31.7,76,,,,,41.71927821
2020-07-22 14:35:14 UTC,1438,31.6,76,,,,,41.39445066
2020-07-22 14:36:56 UTC,1439,31.6,76,,,,,41.39445066
2020-07-22 14:38:37 UTC,1440,31.6,76,,,,,41.39445066
2020-07-22 14:40:18 UTC,1441,31.6,76,,,,,41.39445066
2020-07-22 14:42:00 UTC,1442,31.6,76,,,,,41.39445066
2020-07-22 14:43:41 UTC,1443,31.7,76,,,,,41.71927821
2020-07-22 14:45:22 UTC,1444,31.7,76,,,,,41.71927821
2020-07-22 14:48:44 UTC,1445,30.4,70,,,,,36.03229352
2020-07-22 14:52:06 UTC,1446,29.5,65,,,,,32.83214999